{"metadata":{"asset_id":"43d83c73-705c-4b9f-92d8-6f8dbb73e14e","asset_attributes":["data_flow"],"name":"combined-data-Alicia (1).csv_flow","asset_type":"data_flow","created_at":"2021-03-24T19:09:13Z","description":"","origin_country":"us","owner_id":"IBMid-663001PIKE","project_id":"51970c0e-ad4f-4b5c-9ffc-b15922309cda","size":0,"tags":[],"usage":{"last_update_time":1616612992244,"last_updated_at":"2021-03-24T19:09:52Z"}},"entity":{"data_flow":{"pipeline":{"version":"1.0","doc_type":"pipeline","app_data":{"shaperCreated":true,"replace_space_by_dot":true},"primary_pipeline":"pipeline1","pipelines":[{"id":"pipeline1","nodes":[{"output":{"id":"source1output"},"data_asset":{"ref":"37ce9f6a-6824-4e5a-940e-9751716b74e0","app_data":{"dataset_name":"combined-data-Alicia (1).csv"},"properties":{"first_line_header":"true","encoding":"UTF-8","invalid_data_handling":"fail","file_format":"csv"}},"id":"source1","type":"binding"},{"id":"0cca29da-918f-4eac-8384-948817dbed9c","type":"execution_node","op":"com.ibm.wdp.transformer.FreeformCode","app_data":{"uiParams":{"key":"mutate","code":"mutate(`HALLUCEVR` = as.integer(`HALLUCEVR`),`IRCGRGDY` = as.integer(`IRCGRGDY`),`IRABUPOSINH` = as.integer(`IRABUPOSINH`),`IRABUPOSMTH` = as.double(`IRABUPOSMTH`),`IRABUPOSTRQ` = as.integer(`IRABUPOSTRQ`),`IRABUPOSSTM` = as.integer(`IRABUPOSSTM`),`IRABUPOSSED` = as.integer(`IRABUPOSSED`),`UDPYOPI` = as.integer(`UDPYOPI`),`BOOKED` = as.integer(`BOOKED`),`CIGYRBFR` = as.integer(`CIGYRBFR`),`TXEVRRCVD` = as.integer(`TXEVRRCVD`),`BMI2` = as.double(`BMI2`),`AUUNMTYR` = as.integer(`AUUNMTYR`),`YEATNDYR` = as.integer(`YEATNDYR`),`YESTSCIG` = as.integer(`YESTSCIG`),`YESTSMJ` = as.integer(`YESTSMJ`),`YESTSALC` = as.integer(`YESTSALC`),`YEPHLPHW` = as.integer(`YEPHLPHW`),`YEPPROUD` = as.integer(`YEPPROUD`),`YEFAIACT` = as.integer(`YEFAIACT`),`AGE2` = as.integer(`AGE2`),`EDUSCHLGO` = as.integer(`EDUSCHLGO`),`MILTPARNT` = as.integer(`MILTPARNT`),`WRKDPSTWK` = as.integer(`WRKDPSTWK`),`MEDICARE` = as.integer(`MEDICARE`),`HLTINMNT` = as.integer(`HLTINMNT`),`HLTINNOS` = as.integer(`HLTINNOS`),`IRFAMSOC` = as.integer(`IRFAMSOC`))","args":{"type":"mutate","conditions":[],"auto":true,"autoConditions":[{"column":"HALLUCEVR","type":"as.integer","newColumnName":"","format":"","actualType":"character","removeColumn":false},{"column":"IRCGRGDY","type":"as.integer","newColumnName":"","format":"","actualType":"character","removeColumn":false},{"column":"IRABUPOSINH","type":"as.integer","newColumnName":"","format":"","actualType":"character","removeColumn":false},{"column":"IRABUPOSMTH","type":"as.double","newColumnName":"","format":"","actualType":"character","removeColumn":false},{"column":"IRABUPOSTRQ","type":"as.integer","newColumnName":"","format":"","actualType":"character","removeColumn":false},{"column":"IRABUPOSSTM","type":"as.integer","newColumnName":"","format":"","actualType":"character","removeColumn":false},{"column":"IRABUPOSSED","type":"as.integer","newColumnName":"","format":"","actualType":"character","removeColumn":false},{"column":"UDPYOPI","type":"as.integer","newColumnName":"","format":"","actualType":"character","removeColumn":false},{"column":"BOOKED","type":"as.integer","newColumnName":"","format":"","actualType":"character","removeColumn":false},{"column":"CIGYRBFR","type":"as.integer","newColumnName":"","format":"","actualType":"character","removeColumn":false},{"column":"TXEVRRCVD","type":"as.integer","newColumnName":"","format":"","actualType":"character","removeColumn":false},{"column":"BMI2","type":"as.double","newColumnName":"","format":"","actualType":"character","removeColumn":false},{"column":"AUUNMTYR","type":"as.integer","newColumnName":"","format":"","actualType":"character","removeColumn":false},{"column":"YEATNDYR","type":"as.integer","newColumnName":"","format":"","actualType":"character","removeColumn":false},{"column":"YESTSCIG","type":"as.integer","newColumnName":"","format":"","actualType":"character","removeColumn":false},{"column":"YESTSMJ","type":"as.integer","newColumnName":"","format":"","actualType":"character","removeColumn":false},{"column":"YESTSALC","type":"as.integer","newColumnName":"","format":"","actualType":"character","removeColumn":false},{"column":"YEPHLPHW","type":"as.integer","newColumnName":"","format":"","actualType":"character","removeColumn":false},{"column":"YEPPROUD","type":"as.integer","newColumnName":"","format":"","actualType":"character","removeColumn":false},{"column":"YEFAIACT","type":"as.integer","newColumnName":"","format":"","actualType":"character","removeColumn":false},{"column":"AGE2","type":"as.integer","newColumnName":"","format":"","actualType":"character","removeColumn":false},{"column":"EDUSCHLGO","type":"as.integer","newColumnName":"","format":"","actualType":"character","removeColumn":false},{"column":"MILTPARNT","type":"as.integer","newColumnName":"","format":"","actualType":"character","removeColumn":false},{"column":"WRKDPSTWK","type":"as.integer","newColumnName":"","format":"","actualType":"character","removeColumn":false},{"column":"MEDICARE","type":"as.integer","newColumnName":"","format":"","actualType":"character","removeColumn":false},{"column":"HLTINMNT","type":"as.integer","newColumnName":"","format":"","actualType":"character","removeColumn":false},{"column":"HLTINNOS","type":"as.integer","newColumnName":"","format":"","actualType":"character","removeColumn":false},{"column":"IRFAMSOC","type":"as.integer","newColumnName":"","format":"","actualType":"character","removeColumn":false}],"version":4},"automatic":true}},"parameters":{"FREEFORM_CODE":"mutate(`HALLUCEVR` = as.integer(`HALLUCEVR`),`IRCGRGDY` = as.integer(`IRCGRGDY`),`IRABUPOSINH` = as.integer(`IRABUPOSINH`),`IRABUPOSMTH` = as.double(`IRABUPOSMTH`),`IRABUPOSTRQ` = as.integer(`IRABUPOSTRQ`),`IRABUPOSSTM` = as.integer(`IRABUPOSSTM`),`IRABUPOSSED` = as.integer(`IRABUPOSSED`),`UDPYOPI` = as.integer(`UDPYOPI`),`BOOKED` = as.integer(`BOOKED`),`CIGYRBFR` = as.integer(`CIGYRBFR`),`TXEVRRCVD` = as.integer(`TXEVRRCVD`),`BMI2` = as.double(`BMI2`),`AUUNMTYR` = as.integer(`AUUNMTYR`),`YEATNDYR` = as.integer(`YEATNDYR`),`YESTSCIG` = as.integer(`YESTSCIG`),`YESTSMJ` = as.integer(`YESTSMJ`),`YESTSALC` = as.integer(`YESTSALC`),`YEPHLPHW` = as.integer(`YEPHLPHW`),`YEPPROUD` = as.integer(`YEPPROUD`),`YEFAIACT` = as.integer(`YEFAIACT`),`AGE2` = as.integer(`AGE2`),`EDUSCHLGO` = as.integer(`EDUSCHLGO`),`MILTPARNT` = as.integer(`MILTPARNT`),`WRKDPSTWK` = as.integer(`WRKDPSTWK`),`MEDICARE` = as.integer(`MEDICARE`),`HLTINMNT` = as.integer(`HLTINMNT`),`HLTINNOS` = as.integer(`HLTINNOS`),`IRFAMSOC` = as.integer(`IRFAMSOC`))"},"inputs":[{"id":"inputPort1","links":[{"node_id_ref":"source1","port_id_ref":"source1output"}]}],"outputs":[{"id":"outputPort1"}]},{"id":"607341ed-17d3-4195-aa0a-85d6159c343d","type":"execution_node","op":"com.ibm.wdp.transformer.FreeformCode","app_data":{"uiParams":{"key":"conditionalReplace","code":"eval({if(!\"HALLUCEVR\" %in% names(.)) stop(\"Column 'HALLUCEVR' not found.\", call. = FALSE) else .})%>%mutate(`HALLUCEVR` = case_when((between(`HALLUCEVR`,90,99)) ~ 0L, TRUE ~ 1L))","args":{"column":"HALLUCEVR","columnActualType":"Integer","conditions":[{"column":"HALLUCEVR","actualType":"Integer","operator":"between","value":"90,99","col":"","valueOption":"","replaceValue":"0"}],"defaultReplaceValueOption":"value","defaultReplaceValue":"1","newColumnName":"","version":1}}},"parameters":{"FREEFORM_CODE":"mutate(`HALLUCEVR` = case_when((between(`HALLUCEVR`,90,99)) ~ 0L, TRUE ~ 1L))"},"inputs":[{"id":"inputPort1","links":[{"node_id_ref":"0cca29da-918f-4eac-8384-948817dbed9c","port_id_ref":"outputPort1"}]}],"outputs":[{"id":"outputPort2"}]},{"id":"ff58f220-5a54-45d6-be51-2047caa0468f","type":"execution_node","op":"com.ibm.wdp.transformer.FreeformCode","app_data":{"uiParams":{"key":"conditionalReplace","code":"eval({if(!\"IRCGRGDY\" %in% names(.)) stop(\"Column 'IRCGRGDY' not found.\", call. = FALSE) else .})%>%mutate(`IRCGRGDY` = case_when((between(`IRCGRGDY`,1,5)) ~ 1L , (between(`IRCGRGDY`,90,99)) ~ 0L, TRUE ~ 0L))","args":{"column":"IRCGRGDY","columnActualType":"Integer","conditions":[{"column":"IRCGRGDY","actualType":"Integer","operator":"between","value":"1,5","col":"","valueOption":"","replaceValue":"1"},{"column":"IRCGRGDY","actualType":"Integer","operator":"between","value":"90,99","col":"","valueOption":"","replaceValue":"0"}],"defaultReplaceValueOption":"value","defaultReplaceValue":"0","newColumnName":"","version":1}}},"parameters":{"FREEFORM_CODE":"mutate(`IRCGRGDY` = case_when((between(`IRCGRGDY`,1,5)) ~ 1L , (between(`IRCGRGDY`,90,99)) ~ 0L, TRUE ~ 0L))"},"inputs":[{"id":"inputPort1","links":[{"node_id_ref":"607341ed-17d3-4195-aa0a-85d6159c343d","port_id_ref":"outputPort2"}]}],"outputs":[{"id":"outputPort3"}]},{"id":"71ec2c5b-9749-4b12-8a1c-dfd4d8202c43","type":"execution_node","op":"com.ibm.wdp.transformer.FreeformCode","app_data":{"uiParams":{"key":"conditionalReplace","code":"eval({if(!\"IRABUPOSINH\" %in% names(.)) stop(\"Column 'IRABUPOSINH' not found.\", call. = FALSE) else .})%>%mutate(`IRABUPOSINH` = case_when((between(`IRABUPOSINH`,90,94)) ~ 0L , (`IRABUPOSINH`==0) ~ 0L, TRUE ~ 1L))","args":{"column":"IRABUPOSINH","columnActualType":"Integer","conditions":[{"column":"IRABUPOSINH","actualType":"Integer","operator":"between","value":"90,94","col":"","valueOption":"","replaceValue":"0"},{"column":"IRABUPOSINH","actualType":"Integer","operator":"==","value":"0","col":"","valueOption":"value","replaceValue":"0"}],"defaultReplaceValueOption":"value","defaultReplaceValue":"1","newColumnName":"","version":1}}},"parameters":{"FREEFORM_CODE":"mutate(`IRABUPOSINH` = case_when((between(`IRABUPOSINH`,90,94)) ~ 0L , (`IRABUPOSINH`==0) ~ 0L, TRUE ~ 1L))"},"inputs":[{"id":"inputPort1","links":[{"node_id_ref":"ff58f220-5a54-45d6-be51-2047caa0468f","port_id_ref":"outputPort3"}]}],"outputs":[{"id":"outputPort4"}]},{"id":"107a5b7a-7ca4-42f1-92f9-0a757642ac91","type":"execution_node","op":"com.ibm.wdp.transformer.FreeformCode","app_data":{"uiParams":{"key":"conditionalReplace","code":"eval({if(!\"IRABUPOSMTH\" %in% names(.)) stop(\"Column 'IRABUPOSMTH' not found.\", call. = FALSE) else .})%>%mutate(`IRABUPOSMTH` = case_when((between(`IRABUPOSMTH`,90,94)) ~ 0L , (`IRABUPOSMTH`==0) ~ 0L, TRUE ~ 1L))","args":{"column":"IRABUPOSMTH","columnActualType":"Decimal","conditions":[{"column":"IRABUPOSMTH","actualType":"Decimal","operator":"between","value":"90,94","col":"","valueOption":"","replaceValue":"0"},{"column":"IRABUPOSMTH","actualType":"Decimal","operator":"==","value":"0","col":"","valueOption":"value","replaceValue":"0"}],"defaultReplaceValueOption":"value","defaultReplaceValue":"1","newColumnName":"","version":1}}},"parameters":{"FREEFORM_CODE":"mutate(`IRABUPOSMTH` = case_when((between(`IRABUPOSMTH`,90,94)) ~ 0L , (`IRABUPOSMTH`==0) ~ 0L, TRUE ~ 1L))"},"inputs":[{"id":"inputPort1","links":[{"node_id_ref":"71ec2c5b-9749-4b12-8a1c-dfd4d8202c43","port_id_ref":"outputPort4"}]}],"outputs":[{"id":"outputPort5"}]},{"id":"562b18b0-6bb8-48cb-8294-723ca853ea0e","type":"execution_node","op":"com.ibm.wdp.transformer.FreeformCode","app_data":{"uiParams":{"key":"conditionalReplace","code":"eval({if(!\"IRABUPOSTRQ\" %in% names(.)) stop(\"Column 'IRABUPOSTRQ' not found.\", call. = FALSE) else .})%>%mutate(`IRABUPOSTRQ` = case_when((between(`IRABUPOSTRQ`,90,94)) ~ 0L , (`IRABUPOSTRQ`==0) ~ 0L, TRUE ~ 1L))","args":{"column":"IRABUPOSTRQ","columnActualType":"Integer","conditions":[{"column":"IRABUPOSTRQ","actualType":"Integer","operator":"between","value":"90,94","col":"","valueOption":"","replaceValue":"0"},{"column":"IRABUPOSTRQ","actualType":"Integer","operator":"==","value":"0","col":"","valueOption":"value","replaceValue":"0"}],"defaultReplaceValueOption":"value","defaultReplaceValue":"1","newColumnName":"","version":1}}},"parameters":{"FREEFORM_CODE":"mutate(`IRABUPOSTRQ` = case_when((between(`IRABUPOSTRQ`,90,94)) ~ 0L , (`IRABUPOSTRQ`==0) ~ 0L, TRUE ~ 1L))"},"inputs":[{"id":"inputPort1","links":[{"node_id_ref":"107a5b7a-7ca4-42f1-92f9-0a757642ac91","port_id_ref":"outputPort5"}]}],"outputs":[{"id":"outputPort6"}]},{"id":"f99ea96f-e7f7-41b3-b85f-db9da753d98b","type":"execution_node","op":"com.ibm.wdp.transformer.FreeformCode","app_data":{"uiParams":{"key":"conditionalReplace","code":"eval({if(!\"IRABUPOSSTM\" %in% names(.)) stop(\"Column 'IRABUPOSSTM' not found.\", call. = FALSE) else .})%>%mutate(`IRABUPOSSTM` = case_when((between(`IRABUPOSSTM`,90,94)) ~ 0L , (`IRABUPOSSTM`==0) ~ 0L, TRUE ~ 0L))","args":{"column":"IRABUPOSSTM","columnActualType":"Integer","conditions":[{"column":"IRABUPOSSTM","actualType":"Integer","operator":"between","value":"90,94","col":"","valueOption":"","replaceValue":"0"},{"column":"IRABUPOSSTM","actualType":"Integer","operator":"==","value":"0","col":"","valueOption":"value","replaceValue":"0"}],"defaultReplaceValueOption":"value","defaultReplaceValue":"0","newColumnName":"","version":1}}},"parameters":{"FREEFORM_CODE":"mutate(`IRABUPOSSTM` = case_when((between(`IRABUPOSSTM`,90,94)) ~ 0L , (`IRABUPOSSTM`==0) ~ 0L, TRUE ~ 0L))"},"inputs":[{"id":"inputPort1","links":[{"node_id_ref":"562b18b0-6bb8-48cb-8294-723ca853ea0e","port_id_ref":"outputPort6"}]}],"outputs":[{"id":"outputPort7"}]},{"id":"e2e007b2-83cd-4382-bed8-a5101072f40e","type":"execution_node","op":"com.ibm.wdp.transformer.FreeformCode","app_data":{"uiParams":{"key":"conditionalReplace","code":"eval({if(!\"IRABUPOSSED\" %in% names(.)) stop(\"Column 'IRABUPOSSED' not found.\", call. = FALSE) else .})%>%mutate(`IRABUPOSSED` = case_when((between(`IRABUPOSSED`,90,94)) ~ 0L , (`IRABUPOSSED`==0) ~ 0L, TRUE ~ 1L))","args":{"column":"IRABUPOSSED","columnActualType":"Integer","conditions":[{"column":"IRABUPOSSED","actualType":"Integer","operator":"between","value":"90,94","col":"","valueOption":"","replaceValue":"0"},{"column":"IRABUPOSSED","actualType":"Integer","operator":"==","value":"0","col":"","valueOption":"value","replaceValue":"0"}],"defaultReplaceValueOption":"value","defaultReplaceValue":"1","newColumnName":"","version":1}}},"parameters":{"FREEFORM_CODE":"mutate(`IRABUPOSSED` = case_when((between(`IRABUPOSSED`,90,94)) ~ 0L , (`IRABUPOSSED`==0) ~ 0L, TRUE ~ 1L))"},"inputs":[{"id":"inputPort1","links":[{"node_id_ref":"f99ea96f-e7f7-41b3-b85f-db9da753d98b","port_id_ref":"outputPort7"}]}],"outputs":[{"id":"outputPort8"}]},{"id":"33777f9c-99b1-46c1-b583-33bb646703f6","type":"execution_node","op":"com.ibm.wdp.transformer.FreeformCode","app_data":{"uiParams":{"key":"conditionalReplace","code":"eval({if(!\"UDPYOPI\" %in% names(.)) stop(\"Column 'UDPYOPI' not found.\", call. = FALSE) else .})%>%mutate(`UDPYOPI` = case_when((between(`UDPYOPI`,90,94)) ~ 0L , (`UDPYOPI`==0) ~ 0L, TRUE ~ 1L))","args":{"column":"UDPYOPI","columnActualType":"Integer","conditions":[{"column":"UDPYOPI","actualType":"Integer","operator":"between","value":"90,94","col":"","valueOption":"","replaceValue":"0"},{"column":"UDPYOPI","actualType":"Integer","operator":"==","value":"0","col":"","valueOption":"value","replaceValue":"0"}],"defaultReplaceValueOption":"value","defaultReplaceValue":"1","newColumnName":"","version":1}}},"parameters":{"FREEFORM_CODE":"mutate(`UDPYOPI` = case_when((between(`UDPYOPI`,90,94)) ~ 0L , (`UDPYOPI`==0) ~ 0L, TRUE ~ 1L))"},"inputs":[{"id":"inputPort1","links":[{"node_id_ref":"e2e007b2-83cd-4382-bed8-a5101072f40e","port_id_ref":"outputPort8"}]}],"outputs":[{"id":"outputPort9"}]},{"id":"701c6725-990c-4808-b28f-838d9d320f51","type":"execution_node","op":"com.ibm.wdp.transformer.FreeformCode","app_data":{"uiParams":{"key":"conditionalReplace","code":"eval({if(!\"BOOKED\" %in% names(.)) stop(\"Column 'BOOKED' not found.\", call. = FALSE) else .})%>%mutate(`BOOKED` = case_when((`BOOKED`==3) ~ 1L , (`BOOKED`==2) ~ 0L , (between(`BOOKED`,84,99)) ~ 0L, TRUE ~ 1L))","args":{"column":"BOOKED","columnActualType":"Integer","conditions":[{"column":"BOOKED","actualType":"Integer","operator":"==","value":"3","col":"","valueOption":"value","replaceValue":"1"},{"column":"BOOKED","actualType":"Integer","operator":"==","value":"2","col":"","valueOption":"value","replaceValue":"0"},{"column":"BOOKED","actualType":"Integer","operator":"between","value":"84,99","col":"","valueOption":"","replaceValue":"0"}],"defaultReplaceValueOption":"value","defaultReplaceValue":"1","newColumnName":"","version":1}}},"parameters":{"FREEFORM_CODE":"mutate(`BOOKED` = case_when((`BOOKED`==3) ~ 1L , (`BOOKED`==2) ~ 0L , (between(`BOOKED`,84,99)) ~ 0L, TRUE ~ 1L))"},"inputs":[{"id":"inputPort1","links":[{"node_id_ref":"33777f9c-99b1-46c1-b583-33bb646703f6","port_id_ref":"outputPort9"}]}],"outputs":[{"id":"outputPort10"}]},{"id":"aced0b2e-ae54-46ef-a9d0-fed0d663bbf2","type":"execution_node","op":"com.ibm.wdp.transformer.FreeformCode","app_data":{"uiParams":{"key":"conditionalReplace","code":"eval({if(!\"CIGYRBFR\" %in% names(.)) stop(\"Column 'CIGYRBFR' not found.\", call. = FALSE) else .})%>%mutate(`CIGYRBFR` = case_when((`CIGYRBFR`==2) ~ 0L , (between(`CIGYRBFR`,84,100)) ~ 0L, TRUE ~ 1L))","args":{"column":"CIGYRBFR","columnActualType":"Integer","conditions":[{"column":"CIGYRBFR","actualType":"Integer","operator":"==","value":"2","col":"","valueOption":"value","replaceValue":"0"},{"column":"CIGYRBFR","actualType":"Integer","operator":"between","value":"84,100","col":"","valueOption":"","replaceValue":"0"}],"defaultReplaceValueOption":"value","defaultReplaceValue":"1","newColumnName":"","version":1}}},"parameters":{"FREEFORM_CODE":"mutate(`CIGYRBFR` = case_when((`CIGYRBFR`==2) ~ 0L , (between(`CIGYRBFR`,84,100)) ~ 0L, TRUE ~ 1L))"},"inputs":[{"id":"inputPort1","links":[{"node_id_ref":"701c6725-990c-4808-b28f-838d9d320f51","port_id_ref":"outputPort10"}]}],"outputs":[{"id":"outputPort11"}]},{"id":"91d4b1f9-aa95-4253-8c0b-d82978499c65","type":"execution_node","op":"com.ibm.wdp.transformer.FreeformCode","app_data":{"uiParams":{"key":"conditionalReplace","code":"eval({if(!\"TXEVRRCVD\" %in% names(.)) stop(\"Column 'TXEVRRCVD' not found.\", call. = FALSE) else .})%>%mutate(`TXEVRRCVD` = case_when((`TXEVRRCVD`==2) ~ 0L , (between(`TXEVRRCVD`,84,99)) ~ 0L, TRUE ~ 1L))","args":{"column":"TXEVRRCVD","columnActualType":"Integer","conditions":[{"column":"TXEVRRCVD","actualType":"Integer","operator":"==","value":"2","col":"","valueOption":"value","replaceValue":"0"},{"column":"TXEVRRCVD","actualType":"Integer","operator":"between","value":"84,99","col":"","valueOption":"","replaceValue":"0"}],"defaultReplaceValueOption":"value","defaultReplaceValue":"1","newColumnName":"","version":1}}},"parameters":{"FREEFORM_CODE":"mutate(`TXEVRRCVD` = case_when((`TXEVRRCVD`==2) ~ 0L , (between(`TXEVRRCVD`,84,99)) ~ 0L, TRUE ~ 1L))"},"inputs":[{"id":"inputPort1","links":[{"node_id_ref":"aced0b2e-ae54-46ef-a9d0-fed0d663bbf2","port_id_ref":"outputPort11"}]}],"outputs":[{"id":"outputPort12"}]},{"id":"c5ee26ef-85c6-420f-96f1-55c73e1ac25b","type":"execution_node","op":"com.ibm.wdp.transformer.FreeformCode","app_data":{"uiParams":{"key":"conditionalReplace","code":"eval({if(!\"BMI2\" %in% names(.)) stop(\"Column 'BMI2' not found.\", call. = FALSE) else .})%>%mutate(`BMI2` = case_when((between(`BMI2`,18.5,25)) ~ 0L , (between(`BMI2`,0,18.5)) ~ 1L , (between(`BMI2`,25,100)) ~ 2L, TRUE ~ 0L))","args":{"column":"BMI2","columnActualType":"Decimal","conditions":[{"column":"BMI2","actualType":"Decimal","operator":"between","value":"18.5,25","col":"","valueOption":"","replaceValue":"0"},{"column":"BMI2","actualType":"Decimal","operator":"between","value":"0,18.5","col":"","valueOption":"","replaceValue":"1"},{"column":"BMI2","actualType":"Decimal","operator":"between","value":"25,100","col":"","valueOption":"","replaceValue":"2"}],"defaultReplaceValueOption":"value","defaultReplaceValue":"0","newColumnName":"","version":1}}},"parameters":{"FREEFORM_CODE":"mutate(`BMI2` = case_when((between(`BMI2`,18.5,25)) ~ 0L , (between(`BMI2`,0,18.5)) ~ 1L , (between(`BMI2`,25,100)) ~ 2L, TRUE ~ 0L))"},"inputs":[{"id":"inputPort1","links":[{"node_id_ref":"91d4b1f9-aa95-4253-8c0b-d82978499c65","port_id_ref":"outputPort12"}]}],"outputs":[{"id":"outputPort13"}]},{"id":"b0448ca6-fc98-4dee-b857-60ae45977d01","type":"execution_node","op":"com.ibm.wdp.transformer.FreeformCode","app_data":{"uiParams":{"key":"conditionalReplace","code":"eval({if(!\"AUUNMTYR\" %in% names(.)) stop(\"Column 'AUUNMTYR' not found.\", call. = FALSE) else .})%>%mutate(`AUUNMTYR` = case_when((between(`AUUNMTYR`,84,100)) ~ 0L , (`AUUNMTYR`==2) ~ 0L, TRUE ~ 1L))","args":{"column":"AUUNMTYR","columnActualType":"Integer","conditions":[{"column":"AUUNMTYR","actualType":"Integer","operator":"between","value":"84,100","col":"","valueOption":"","replaceValue":"0"},{"column":"AUUNMTYR","actualType":"Integer","operator":"==","value":"2","col":"","valueOption":"value","replaceValue":"0"}],"defaultReplaceValueOption":"value","defaultReplaceValue":"1","newColumnName":"","version":1}}},"parameters":{"FREEFORM_CODE":"mutate(`AUUNMTYR` = case_when((between(`AUUNMTYR`,84,100)) ~ 0L , (`AUUNMTYR`==2) ~ 0L, TRUE ~ 1L))"},"inputs":[{"id":"inputPort1","links":[{"node_id_ref":"c5ee26ef-85c6-420f-96f1-55c73e1ac25b","port_id_ref":"outputPort13"}]}],"outputs":[{"id":"outputPort14"}]},{"id":"b2e2367d-5b01-413f-9e17-ffaa2c5fab54","type":"execution_node","op":"com.ibm.wdp.transformer.FreeformCode","app_data":{"uiParams":{"key":"conditionalReplace","code":"eval({if(!\"YEATNDYR\" %in% names(.)) stop(\"Column 'YEATNDYR' not found.\", call. = FALSE) else .})%>%mutate(`YEATNDYR` = case_when((between(`YEATNDYR`,84,100)) ~ 0L , (`YEATNDYR`==2) ~ 0L, TRUE ~ 1L))","args":{"column":"YEATNDYR","columnActualType":"Integer","conditions":[{"column":"YEATNDYR","actualType":"Integer","operator":"between","value":"84,100","col":"","valueOption":"","replaceValue":"0"},{"column":"YEATNDYR","actualType":"Integer","operator":"==","value":"2","col":"","valueOption":"value","replaceValue":"0"}],"defaultReplaceValueOption":"value","defaultReplaceValue":"1","newColumnName":"","version":1}}},"parameters":{"FREEFORM_CODE":"mutate(`YEATNDYR` = case_when((between(`YEATNDYR`,84,100)) ~ 0L , (`YEATNDYR`==2) ~ 0L, TRUE ~ 1L))"},"inputs":[{"id":"inputPort1","links":[{"node_id_ref":"b0448ca6-fc98-4dee-b857-60ae45977d01","port_id_ref":"outputPort14"}]}],"outputs":[{"id":"outputPort15"}]},{"id":"1716bc31-a0e1-4f68-bb8b-410e9908d5bb","type":"execution_node","op":"com.ibm.wdp.transformer.FreeformCode","app_data":{"uiParams":{"key":"conditionalReplace","code":"eval({if(!\"IRABUPOSSTM\" %in% names(.)) stop(\"Column 'IRABUPOSSTM' not found.\", call. = FALSE) else .})%>%mutate(`IRABUPOSSTM` = case_when((between(`IRABUPOSSTM`,90,94)) ~ 0L , (`IRABUPOSSTM`==0) ~ 0L, TRUE ~ 1L))","args":{"column":"IRABUPOSSTM","columnActualType":"Integer","conditions":[{"column":"IRABUPOSSTM","actualType":"Integer","operator":"between","value":"90,94","col":"","valueOption":"","replaceValue":"0"},{"column":"IRABUPOSSTM","actualType":"Integer","operator":"==","value":"0","col":"","valueOption":"value","replaceValue":"0"}],"defaultReplaceValueOption":"value","defaultReplaceValue":"1","newColumnName":"","version":1}}},"parameters":{"FREEFORM_CODE":"mutate(`IRABUPOSSTM` = case_when((between(`IRABUPOSSTM`,90,94)) ~ 0L , (`IRABUPOSSTM`==0) ~ 0L, TRUE ~ 1L))"},"inputs":[{"id":"inputPort1","links":[{"node_id_ref":"b2e2367d-5b01-413f-9e17-ffaa2c5fab54","port_id_ref":"outputPort15"}]}],"outputs":[{"id":"outputPort16"}]},{"id":"f2882ac5-6baa-4f82-9a82-d6e2caea487b","type":"execution_node","op":"com.ibm.wdp.transformer.FreeformCode","app_data":{"uiParams":{"key":"conditionalReplace","code":"eval({if(!\"IRABUPOSTRQ\" %in% names(.)) stop(\"Column 'IRABUPOSTRQ' not found.\", call. = FALSE) else .})%>%mutate(`IRABUPOSTRQ` = case_when((between(`IRABUPOSTRQ`,90,94)) ~ 0L , (`IRABUPOSTRQ`==0) ~ 0L, TRUE ~ 1L))","args":{"column":"IRABUPOSTRQ","columnActualType":"Integer","conditions":[{"column":"IRABUPOSTRQ","actualType":"Integer","operator":"between","value":"90,94","col":"","valueOption":"","replaceValue":"0"},{"column":"IRABUPOSTRQ","actualType":"Integer","operator":"==","value":"0","col":"","valueOption":"value","replaceValue":"0"}],"defaultReplaceValueOption":"value","defaultReplaceValue":"1","newColumnName":"","version":1}}},"parameters":{"FREEFORM_CODE":"mutate(`IRABUPOSTRQ` = case_when((between(`IRABUPOSTRQ`,90,94)) ~ 0L , (`IRABUPOSTRQ`==0) ~ 0L, TRUE ~ 1L))"},"inputs":[{"id":"inputPort1","links":[{"node_id_ref":"1716bc31-a0e1-4f68-bb8b-410e9908d5bb","port_id_ref":"outputPort16"}]}],"outputs":[{"id":"outputPort17"}]},{"id":"b2a85142-2074-4eb8-bcbb-82120983a701","type":"execution_node","op":"com.ibm.wdp.transformer.FreeformCode","app_data":{"uiParams":{"key":"conditionalReplace","code":"eval({if(!\"YESTSCIG\" %in% names(.)) stop(\"Column 'YESTSCIG' not found.\", call. = FALSE) else .})%>%mutate(`YESTSCIG` = case_when((between(`YESTSCIG`,1,5)) ~ 1L , (`YESTSCIG`==1) ~ 0L , (between(`YESTSCIG`,84,100)) ~ 0L, TRUE ~ 1L))","args":{"column":"YESTSCIG","columnActualType":"Integer","conditions":[{"column":"YESTSCIG","actualType":"Integer","operator":"between","value":"1,5","col":"","valueOption":"","replaceValue":"1"},{"column":"YESTSCIG","actualType":"Integer","operator":"==","value":"1","col":"","valueOption":"value","replaceValue":"0"},{"column":"YESTSCIG","actualType":"Integer","operator":"between","value":"84,100","col":"","valueOption":"","replaceValue":"0"}],"defaultReplaceValueOption":"value","defaultReplaceValue":"1","newColumnName":"","version":1}}},"parameters":{"FREEFORM_CODE":"mutate(`YESTSCIG` = case_when((between(`YESTSCIG`,1,5)) ~ 1L , (`YESTSCIG`==1) ~ 0L , (between(`YESTSCIG`,84,100)) ~ 0L, TRUE ~ 1L))"},"inputs":[{"id":"inputPort1","links":[{"node_id_ref":"f2882ac5-6baa-4f82-9a82-d6e2caea487b","port_id_ref":"outputPort17"}]}],"outputs":[{"id":"outputPort18"}]},{"id":"4ae97a95-6ed2-4644-afdd-8551d05f25a1","type":"execution_node","op":"com.ibm.wdp.transformer.FreeformCode","app_data":{"uiParams":{"key":"conditionalReplace","code":"eval({if(!\"YESTSMJ\" %in% names(.)) stop(\"Column 'YESTSMJ' not found.\", call. = FALSE) else .})%>%mutate(`YESTSMJ` = case_when((between(`YESTSMJ`,84,100)) ~ 0L , (between(`YESTSMJ`,1,5)) ~ 1L , (`YESTSMJ`==1) ~ 0L, TRUE ~ 1L))","args":{"column":"YESTSMJ","columnActualType":"Integer","conditions":[{"column":"YESTSMJ","actualType":"Integer","operator":"between","value":"84,100","col":"","valueOption":"","replaceValue":"0"},{"column":"YESTSMJ","actualType":"Integer","operator":"between","value":"1,5","col":"","valueOption":"","replaceValue":"1"},{"column":"YESTSMJ","actualType":"Integer","operator":"==","value":"1","col":"","valueOption":"value","replaceValue":"0"}],"defaultReplaceValueOption":"value","defaultReplaceValue":"1","newColumnName":"","version":1}}},"parameters":{"FREEFORM_CODE":"mutate(`YESTSMJ` = case_when((between(`YESTSMJ`,84,100)) ~ 0L , (between(`YESTSMJ`,1,5)) ~ 1L , (`YESTSMJ`==1) ~ 0L, TRUE ~ 1L))"},"inputs":[{"id":"inputPort1","links":[{"node_id_ref":"b2a85142-2074-4eb8-bcbb-82120983a701","port_id_ref":"outputPort18"}]}],"outputs":[{"id":"outputPort19"}]},{"id":"0469b92f-4476-41b8-b5d8-ccc47779e002","type":"execution_node","op":"com.ibm.wdp.transformer.FreeformCode","app_data":{"uiParams":{"key":"conditionalReplace","code":"eval({if(!\"YESTSALC\" %in% names(.)) stop(\"Column 'YESTSALC' not found.\", call. = FALSE) else .})%>%mutate(`YESTSALC` = case_when((between(`YESTSALC`,1,5)) ~ 1L , (`YESTSALC`==1) ~ 0L , (between(`YESTSALC`,84,100)) ~ 0L, TRUE ~ 1L))","args":{"column":"YESTSALC","columnActualType":"Integer","conditions":[{"column":"YESTSALC","actualType":"Integer","operator":"between","value":"1,5","col":"","valueOption":"","replaceValue":"1"},{"column":"YESTSALC","actualType":"Integer","operator":"==","value":"1","col":"","valueOption":"value","replaceValue":"0"},{"column":"YESTSALC","actualType":"Integer","operator":"between","value":"84,100","col":"","valueOption":"","replaceValue":"0"}],"defaultReplaceValueOption":"value","defaultReplaceValue":"1","newColumnName":"","version":1}}},"parameters":{"FREEFORM_CODE":"mutate(`YESTSALC` = case_when((between(`YESTSALC`,1,5)) ~ 1L , (`YESTSALC`==1) ~ 0L , (between(`YESTSALC`,84,100)) ~ 0L, TRUE ~ 1L))"},"inputs":[{"id":"inputPort1","links":[{"node_id_ref":"4ae97a95-6ed2-4644-afdd-8551d05f25a1","port_id_ref":"outputPort19"}]}],"outputs":[{"id":"outputPort20"}]},{"id":"e2c96349-9a95-47a5-85c2-47229ad3d349","type":"execution_node","op":"com.ibm.wdp.transformer.FreeformCode","app_data":{"uiParams":{"key":"conditionalReplace","code":"eval({if(!\"YEPHLPHW\" %in% names(.)) stop(\"Column 'YEPHLPHW' not found.\", call. = FALSE) else .})%>%mutate(`YEPHLPHW` = case_when((between(`YEPHLPHW`,0,4)) ~ 1L , (`YEPHLPHW`==4) ~ 0L , (between(`YEPHLPHW`,84,100)) ~ 0L, TRUE ~ 1L))","args":{"column":"YEPHLPHW","columnActualType":"Integer","conditions":[{"column":"YEPHLPHW","actualType":"Integer","operator":"between","value":"0,4","col":"","valueOption":"","replaceValue":"1"},{"column":"YEPHLPHW","actualType":"Integer","operator":"==","value":"4","col":"","valueOption":"value","replaceValue":"0"},{"column":"YEPHLPHW","actualType":"Integer","operator":"between","value":"84,100","col":"","valueOption":"","replaceValue":"0"}],"defaultReplaceValueOption":"value","defaultReplaceValue":"1","newColumnName":"","version":1}}},"parameters":{"FREEFORM_CODE":"mutate(`YEPHLPHW` = case_when((between(`YEPHLPHW`,0,4)) ~ 1L , (`YEPHLPHW`==4) ~ 0L , (between(`YEPHLPHW`,84,100)) ~ 0L, TRUE ~ 1L))"},"inputs":[{"id":"inputPort1","links":[{"node_id_ref":"0469b92f-4476-41b8-b5d8-ccc47779e002","port_id_ref":"outputPort20"}]}],"outputs":[{"id":"outputPort21"}]},{"id":"ac137054-67e1-49db-a119-a46f82e0fd8d","type":"execution_node","op":"com.ibm.wdp.transformer.FreeformCode","app_data":{"uiParams":{"key":"conditionalReplace","code":"eval({if(!\"YEPPROUD\" %in% names(.)) stop(\"Column 'YEPPROUD' not found.\", call. = FALSE) else .})%>%mutate(`YEPPROUD` = case_when((between(`YEPPROUD`,0,4)) ~ 1L , (`YEPPROUD`==4) ~ 0L , (between(`YEPPROUD`,84,100)) ~ 0L, TRUE ~ 1L))","args":{"column":"YEPPROUD","columnActualType":"Integer","conditions":[{"column":"YEPPROUD","actualType":"Integer","operator":"between","value":"0,4","col":"","valueOption":"","replaceValue":"1"},{"column":"YEPPROUD","actualType":"Integer","operator":"==","value":"4","col":"","valueOption":"value","replaceValue":"0"},{"column":"YEPPROUD","actualType":"Integer","operator":"between","value":"84,100","col":"","valueOption":"","replaceValue":"0"}],"defaultReplaceValueOption":"value","defaultReplaceValue":"1","newColumnName":"","version":1}}},"parameters":{"FREEFORM_CODE":"mutate(`YEPPROUD` = case_when((between(`YEPPROUD`,0,4)) ~ 1L , (`YEPPROUD`==4) ~ 0L , (between(`YEPPROUD`,84,100)) ~ 0L, TRUE ~ 1L))"},"inputs":[{"id":"inputPort1","links":[{"node_id_ref":"e2c96349-9a95-47a5-85c2-47229ad3d349","port_id_ref":"outputPort21"}]}],"outputs":[{"id":"outputPort22"}]},{"id":"39e26fd0-3228-4d7b-9d94-2b8687e29ba9","type":"execution_node","op":"com.ibm.wdp.transformer.FreeformCode","app_data":{"uiParams":{"key":"conditionalReplace","code":"eval({if(!\"YEFAIACT\" %in% names(.)) stop(\"Column 'YEFAIACT' not found.\", call. = FALSE) else .})%>%mutate(`YEFAIACT` = case_when((between(`YEFAIACT`,0,4)) ~ 1L , (`YEFAIACT`==0) ~ 0L , (between(`YEFAIACT`,84,100)) ~ 0L, TRUE ~ 1L))","args":{"column":"YEFAIACT","columnActualType":"Integer","conditions":[{"column":"YEFAIACT","actualType":"Integer","operator":"between","value":"0,4","col":"","valueOption":"","replaceValue":"1"},{"column":"YEFAIACT","actualType":"Integer","operator":"==","value":"0","col":"","valueOption":"value","replaceValue":"0"},{"column":"YEFAIACT","actualType":"Integer","operator":"between","value":"84,100","col":"","valueOption":"","replaceValue":"0"}],"defaultReplaceValueOption":"value","defaultReplaceValue":"1","newColumnName":"","version":1}}},"parameters":{"FREEFORM_CODE":"mutate(`YEFAIACT` = case_when((between(`YEFAIACT`,0,4)) ~ 1L , (`YEFAIACT`==0) ~ 0L , (between(`YEFAIACT`,84,100)) ~ 0L, TRUE ~ 1L))"},"inputs":[{"id":"inputPort1","links":[{"node_id_ref":"ac137054-67e1-49db-a119-a46f82e0fd8d","port_id_ref":"outputPort22"}]}],"outputs":[{"id":"outputPort23"}]},{"id":"26767e93-8781-49f1-be76-960bc1d81bf3","type":"execution_node","op":"com.ibm.wdp.transformer.FreeformCode","app_data":{"uiParams":{"key":"conditionalReplace","code":"eval({if(!\"AGE2\" %in% names(.)) stop(\"Column 'AGE2' not found.\", call. = FALSE) else .})%>%mutate(`AGE2` = case_when((between(`AGE2`,0,8)) ~ 1L , (between(`AGE2`,9,18)) ~ 2L, TRUE ~ 2L))","args":{"column":"AGE2","columnActualType":"Integer","conditions":[{"column":"AGE2","actualType":"Integer","operator":"between","value":"0,8","col":"","valueOption":"","replaceValue":"1"},{"column":"AGE2","actualType":"Integer","operator":"between","value":"9,18","col":"","valueOption":"","replaceValue":"2"}],"defaultReplaceValueOption":"value","defaultReplaceValue":"2","newColumnName":"","version":1}}},"parameters":{"FREEFORM_CODE":"mutate(`AGE2` = case_when((between(`AGE2`,0,8)) ~ 1L , (between(`AGE2`,9,18)) ~ 2L, TRUE ~ 2L))"},"inputs":[{"id":"inputPort1","links":[{"node_id_ref":"39e26fd0-3228-4d7b-9d94-2b8687e29ba9","port_id_ref":"outputPort23"}]}],"outputs":[{"id":"outputPort24"}]},{"id":"2557ca46-978b-4fd6-9fc7-621de8c393f6","type":"execution_node","op":"com.ibm.wdp.transformer.FreeformCode","app_data":{"uiParams":{"key":"conditionalReplace","code":"eval({if(!\"EDUSCHLGO\" %in% names(.)) stop(\"Column 'EDUSCHLGO' not found.\", call. = FALSE) else .})%>%mutate(`EDUSCHLGO` = case_when((`EDUSCHLGO`==11) ~ 1L , (`EDUSCHLGO`==2) ~ 0L , (between(`EDUSCHLGO`,84,100)) ~ 0L, TRUE ~ 1L))","args":{"column":"EDUSCHLGO","columnActualType":"Integer","conditions":[{"column":"EDUSCHLGO","actualType":"Integer","operator":"==","value":"11","col":"","valueOption":"value","replaceValue":"1"},{"column":"EDUSCHLGO","actualType":"Integer","operator":"==","value":"2","col":"","valueOption":"value","replaceValue":"0"},{"column":"EDUSCHLGO","actualType":"Integer","operator":"between","value":"84,100","col":"","valueOption":"","replaceValue":"0"}],"defaultReplaceValueOption":"value","defaultReplaceValue":"1","newColumnName":"","version":1}}},"parameters":{"FREEFORM_CODE":"mutate(`EDUSCHLGO` = case_when((`EDUSCHLGO`==11) ~ 1L , (`EDUSCHLGO`==2) ~ 0L , (between(`EDUSCHLGO`,84,100)) ~ 0L, TRUE ~ 1L))"},"inputs":[{"id":"inputPort1","links":[{"node_id_ref":"26767e93-8781-49f1-be76-960bc1d81bf3","port_id_ref":"outputPort24"}]}],"outputs":[{"id":"outputPort25"}]},{"id":"f9633cf4-5d27-4e0c-aefc-e74584a178bd","type":"execution_node","op":"com.ibm.wdp.transformer.FreeformCode","app_data":{"uiParams":{"key":"conditionalReplace","code":"eval({if(!\"MILTPARNT\" %in% names(.)) stop(\"Column 'MILTPARNT' not found.\", call. = FALSE) else .})%>%mutate(`MILTPARNT` = case_when((`MILTPARNT`==2) ~ 0L , (between(`MILTPARNT`,84,100)) ~ 0L, TRUE ~ 1L))","args":{"column":"MILTPARNT","columnActualType":"Integer","conditions":[{"column":"MILTPARNT","actualType":"Integer","operator":"==","value":"2","col":"","valueOption":"value","replaceValue":"0"},{"column":"MILTPARNT","actualType":"Integer","operator":"between","value":"84,100","col":"","valueOption":"","replaceValue":"0"}],"defaultReplaceValueOption":"value","defaultReplaceValue":"1","newColumnName":"","version":1}}},"parameters":{"FREEFORM_CODE":"mutate(`MILTPARNT` = case_when((`MILTPARNT`==2) ~ 0L , (between(`MILTPARNT`,84,100)) ~ 0L, TRUE ~ 1L))"},"inputs":[{"id":"inputPort1","links":[{"node_id_ref":"2557ca46-978b-4fd6-9fc7-621de8c393f6","port_id_ref":"outputPort25"}]}],"outputs":[{"id":"outputPort26"}]},{"id":"30bd8e6c-4677-48b9-ace3-2ebf183c4a24","type":"execution_node","op":"com.ibm.wdp.transformer.FreeformCode","app_data":{"uiParams":{"key":"conditionalReplace","code":"eval({if(!\"WRKDPSTWK\" %in% names(.)) stop(\"Column 'WRKDPSTWK' not found.\", call. = FALSE) else .})%>%mutate(`WRKDPSTWK` = case_when((`WRKDPSTWK`==1) ~ 0L , (between(`WRKDPSTWK`,1,100)) ~ 0L, TRUE ~ 1L))","args":{"column":"WRKDPSTWK","columnActualType":"Integer","conditions":[{"column":"WRKDPSTWK","actualType":"Integer","operator":"==","value":"1","col":"","valueOption":"value","replaceValue":"0"},{"column":"WRKDPSTWK","actualType":"Integer","operator":"between","value":"1,100","col":"","valueOption":"","replaceValue":"0"}],"defaultReplaceValueOption":"value","defaultReplaceValue":"1","newColumnName":"","version":1}}},"parameters":{"FREEFORM_CODE":"mutate(`WRKDPSTWK` = case_when((`WRKDPSTWK`==1) ~ 0L , (between(`WRKDPSTWK`,1,100)) ~ 0L, TRUE ~ 1L))"},"inputs":[{"id":"inputPort1","links":[{"node_id_ref":"f9633cf4-5d27-4e0c-aefc-e74584a178bd","port_id_ref":"outputPort26"}]}],"outputs":[{"id":"outputPort27"}]},{"id":"a6adc1b3-8c79-4eae-af5b-e1be5958cf7c","type":"execution_node","op":"com.ibm.wdp.transformer.FreeformCode","app_data":{"uiParams":{"key":"conditionalReplace","code":"eval({if(!\"MEDICARE\" %in% names(.)) stop(\"Column 'MEDICARE' not found.\", call. = FALSE) else .})%>%mutate(`MEDICARE` = case_when((`MEDICARE`==1) ~ 1L , (`MEDICARE`==2) ~ 0L , (between(`MEDICARE`,84,100)) ~ 0L, TRUE ~ 1L))","args":{"column":"MEDICARE","columnActualType":"Integer","conditions":[{"column":"MEDICARE","actualType":"Integer","operator":"==","value":"1","col":"","valueOption":"value","replaceValue":"1"},{"column":"MEDICARE","actualType":"Integer","operator":"==","value":"2","col":"","valueOption":"value","replaceValue":"0"},{"column":"MEDICARE","actualType":"Integer","operator":"between","value":"84,100","col":"","valueOption":"","replaceValue":"0"}],"defaultReplaceValueOption":"value","defaultReplaceValue":"1","newColumnName":"","version":1}}},"parameters":{"FREEFORM_CODE":"mutate(`MEDICARE` = case_when((`MEDICARE`==1) ~ 1L , (`MEDICARE`==2) ~ 0L , (between(`MEDICARE`,84,100)) ~ 0L, TRUE ~ 1L))"},"inputs":[{"id":"inputPort1","links":[{"node_id_ref":"30bd8e6c-4677-48b9-ace3-2ebf183c4a24","port_id_ref":"outputPort27"}]}],"outputs":[{"id":"outputPort28"}]},{"id":"0813bc88-bf25-41e5-be0b-0cb25dbfa8e0","type":"execution_node","op":"com.ibm.wdp.transformer.FreeformCode","app_data":{"uiParams":{"key":"conditionalReplace","code":"eval({if(!\"HLTINMNT\" %in% names(.)) stop(\"Column 'HLTINMNT' not found.\", call. = FALSE) else .})%>%mutate(`HLTINMNT` = case_when((`HLTINMNT`==2) ~ 0L , (between(`HLTINMNT`,90,100)) ~ 0L, TRUE ~ 1L))","args":{"column":"HLTINMNT","columnActualType":"Integer","conditions":[{"column":"HLTINMNT","actualType":"Integer","operator":"==","value":"2","col":"","valueOption":"value","replaceValue":"0"},{"column":"HLTINMNT","actualType":"Integer","operator":"between","value":"90,100","col":"","valueOption":"","replaceValue":"0"}],"defaultReplaceValueOption":"value","defaultReplaceValue":"1","newColumnName":"","version":1}}},"parameters":{"FREEFORM_CODE":"mutate(`HLTINMNT` = case_when((`HLTINMNT`==2) ~ 0L , (between(`HLTINMNT`,90,100)) ~ 0L, TRUE ~ 1L))"},"inputs":[{"id":"inputPort1","links":[{"node_id_ref":"a6adc1b3-8c79-4eae-af5b-e1be5958cf7c","port_id_ref":"outputPort28"}]}],"outputs":[{"id":"outputPort29"}]},{"id":"2b1227d1-6089-4f32-8d74-f0e699ec8ae9","type":"execution_node","op":"com.ibm.wdp.transformer.FreeformCode","app_data":{"uiParams":{"key":"conditionalReplace","code":"eval({if(!\"HLTINNOS\" %in% names(.)) stop(\"Column 'HLTINNOS' not found.\", call. = FALSE) else .})%>%mutate(`HLTINNOS` = case_when((between(`HLTINNOS`,90,100)) ~ 0L , (`HLTINNOS`==2) ~ 0L, TRUE ~ 1L))","args":{"column":"HLTINNOS","columnActualType":"Integer","conditions":[{"column":"HLTINNOS","actualType":"Integer","operator":"between","value":"90,100","col":"","valueOption":"","replaceValue":"0"},{"column":"HLTINNOS","actualType":"Integer","operator":"==","value":"2","col":"","valueOption":"value","replaceValue":"0"}],"defaultReplaceValueOption":"value","defaultReplaceValue":"1","newColumnName":"","version":1}}},"parameters":{"FREEFORM_CODE":"mutate(`HLTINNOS` = case_when((between(`HLTINNOS`,90,100)) ~ 0L , (`HLTINNOS`==2) ~ 0L, TRUE ~ 1L))"},"inputs":[{"id":"inputPort1","links":[{"node_id_ref":"0813bc88-bf25-41e5-be0b-0cb25dbfa8e0","port_id_ref":"outputPort29"}]}],"outputs":[{"id":"outputPort30"}]},{"id":"1e01918d-579f-41a7-a6ff-0da99098137a","type":"execution_node","op":"com.ibm.wdp.transformer.FreeformCode","app_data":{"uiParams":{"key":"conditionalReplace","code":"eval({if(!\"IRFAMSOC\" %in% names(.)) stop(\"Column 'IRFAMSOC' not found.\", call. = FALSE) else .})%>%mutate(`IRFAMSOC` = case_when((`IRFAMSOC`==2) ~ 0L, TRUE ~ 1L))","args":{"column":"IRFAMSOC","columnActualType":"Integer","conditions":[{"column":"IRFAMSOC","actualType":"Integer","operator":"==","value":"2","col":"","valueOption":"value","replaceValue":"0"}],"defaultReplaceValueOption":"value","defaultReplaceValue":"1","newColumnName":"","version":1}}},"parameters":{"FREEFORM_CODE":"mutate(`IRFAMSOC` = case_when((`IRFAMSOC`==2) ~ 0L, TRUE ~ 1L))"},"inputs":[{"id":"inputPort1","links":[{"node_id_ref":"2b1227d1-6089-4f32-8d74-f0e699ec8ae9","port_id_ref":"outputPort30"}]}],"outputs":[{"id":"outputPort31"}]},{"id":"0f20a28a-7d27-4813-ab8b-ef47385ff9e5","type":"execution_node","op":"com.ibm.wdp.transformer.FreeformCode","app_data":{"uiParams":{"key":"drop","code":"select(-`ADDED_COLUMN_13`)","args":{"column":"ADDED_COLUMN_13"}}},"parameters":{"FREEFORM_CODE":"select(-`ADDED_COLUMN_13`)"},"inputs":[{"id":"inputPort1","links":[{"node_id_ref":"1e01918d-579f-41a7-a6ff-0da99098137a","port_id_ref":"outputPort31"}]}],"outputs":[{"id":"outputPort32"}]},{"id":"38a8e9f3-9c95-438b-a935-cde02665d656","type":"execution_node","op":"com.ibm.wdp.transformer.FreeformCode","app_data":{"uiParams":{"key":"drop","code":"select(-`ADDED_COLUMN_2`)","args":{"column":"ADDED_COLUMN_2"}}},"parameters":{"FREEFORM_CODE":"select(-`ADDED_COLUMN_2`)"},"inputs":[{"id":"inputPort1","links":[{"node_id_ref":"0f20a28a-7d27-4813-ab8b-ef47385ff9e5","port_id_ref":"outputPort32"}]}],"outputs":[{"id":"outputPort33"}]},{"id":"3a972837-9177-4221-9749-39c865822975","type":"execution_node","op":"com.ibm.wdp.transformer.FreeformCode","app_data":{"uiParams":{"key":"drop","code":"select(-`ADDED_COLUMN_1`)","args":{"column":"ADDED_COLUMN_1"}}},"parameters":{"FREEFORM_CODE":"select(-`ADDED_COLUMN_1`)"},"inputs":[{"id":"inputPort1","links":[{"node_id_ref":"38a8e9f3-9c95-438b-a935-cde02665d656","port_id_ref":"outputPort33"}]}],"outputs":[{"id":"outputPort34"}]},{"id":"ce857f91-8ce7-4c01-9df7-4b167b5a8748","type":"execution_node","op":"com.ibm.wdp.transformer.FreeformCode","app_data":{"uiParams":{"key":"conditionalReplace","code":"eval({if(!\"INCOME\" %in% names(.)) stop(\"Column 'INCOME' not found.\", call. = FALSE) else .})%>%mutate(`INCOME` = case_when((stringr::str_detect(`INCOME`,stringr::fixed(\"4\"))) ~ 0L , (stringr::str_detect(`INCOME`,stringr::fixed(\"1\"))) ~ 1L , (stringr::str_detect(`INCOME`,stringr::fixed(\"2\"))) ~ 1L , (stringr::str_detect(`INCOME`,stringr::fixed(\"3\"))) ~ 1L, TRUE ~ 1L))","args":{"column":"INCOME","columnActualType":"String","conditions":[{"column":"INCOME","actualType":"String","operator":"contains","value":"4","col":"","valueOption":"text","replaceValue":"0"},{"column":"INCOME","actualType":"String","operator":"contains","value":"1","col":"","valueOption":"text","replaceValue":"1"},{"column":"INCOME","actualType":"String","operator":"contains","value":"2","col":"","valueOption":"text","replaceValue":"1"},{"column":"INCOME","actualType":"String","operator":"contains","value":"3","col":"","valueOption":"text","replaceValue":"1"}],"defaultReplaceValueOption":"value","defaultReplaceValue":"1","newColumnName":"","version":1}}},"parameters":{"FREEFORM_CODE":"mutate(`INCOME` = case_when((instr(`INCOME`, \"4\") > 0) ~ 0L , (instr(`INCOME`, \"1\") > 0) ~ 1L , (instr(`INCOME`, \"2\") > 0) ~ 1L , (instr(`INCOME`, \"3\") > 0) ~ 1L, TRUE ~ 1L))"},"inputs":[{"id":"inputPort1","links":[{"node_id_ref":"3a972837-9177-4221-9749-39c865822975","port_id_ref":"outputPort34"}]}],"outputs":[{"id":"outputPort35"}]},{"id":"768318a2-c51d-441c-853a-24195218fbb1","type":"execution_node","op":"com.ibm.wdp.transformer.FreeformCode","app_data":{"uiParams":{"key":"drop","code":"select(-`ADDED_COLUMN_27`)","args":{"column":"ADDED_COLUMN_27"}}},"parameters":{"FREEFORM_CODE":"select(-`ADDED_COLUMN_27`)"},"inputs":[{"id":"inputPort1","links":[{"node_id_ref":"ce857f91-8ce7-4c01-9df7-4b167b5a8748","port_id_ref":"outputPort35"}]}],"outputs":[{"id":"outputPort36"}]},{"id":"109b6e94-315f-4ce3-af20-64f81a03458a","type":"execution_node","op":"com.ibm.wdp.transformer.FreeformCode","app_data":{"uiParams":{"key":"drop","code":"select(-`ADDED_COLUMN_26`)","args":{"column":"ADDED_COLUMN_26"}}},"parameters":{"FREEFORM_CODE":"select(-`ADDED_COLUMN_26`)"},"inputs":[{"id":"inputPort1","links":[{"node_id_ref":"768318a2-c51d-441c-853a-24195218fbb1","port_id_ref":"outputPort36"}]}],"outputs":[{"id":"outputPort37"}]},{"id":"37d86b0d-2f34-47fd-b2bb-64dc98ccf39a","type":"execution_node","op":"com.ibm.wdp.transformer.FreeformCode","app_data":{"uiParams":{"key":"drop","code":"select(-`ADDED_COLUMN_25`)","args":{"column":"ADDED_COLUMN_25"}}},"parameters":{"FREEFORM_CODE":"select(-`ADDED_COLUMN_25`)"},"inputs":[{"id":"inputPort1","links":[{"node_id_ref":"109b6e94-315f-4ce3-af20-64f81a03458a","port_id_ref":"outputPort37"}]}],"outputs":[{"id":"outputPort38"}]},{"id":"78f31503-2c02-4f29-b189-b7a61e25f277","type":"execution_node","op":"com.ibm.wdp.transformer.FreeformCode","app_data":{"uiParams":{"key":"drop","code":"select(-`ADDED_COLUMN_24`)","args":{"column":"ADDED_COLUMN_24"}}},"parameters":{"FREEFORM_CODE":"select(-`ADDED_COLUMN_24`)"},"inputs":[{"id":"inputPort1","links":[{"node_id_ref":"37d86b0d-2f34-47fd-b2bb-64dc98ccf39a","port_id_ref":"outputPort38"}]}],"outputs":[{"id":"outputPort39"}]},{"id":"557cfed6-6d65-4fc9-a495-0bd198fc3099","type":"execution_node","op":"com.ibm.wdp.transformer.FreeformCode","app_data":{"uiParams":{"key":"drop","code":"select(-`ADDED_COLUMN_23`)","args":{"column":"ADDED_COLUMN_23"}}},"parameters":{"FREEFORM_CODE":"select(-`ADDED_COLUMN_23`)"},"inputs":[{"id":"inputPort1","links":[{"node_id_ref":"78f31503-2c02-4f29-b189-b7a61e25f277","port_id_ref":"outputPort39"}]}],"outputs":[{"id":"outputPort40"}]},{"id":"bc2a72d1-ea2e-4950-bdaf-58f8f22168ea","type":"execution_node","op":"com.ibm.wdp.transformer.FreeformCode","app_data":{"uiParams":{"key":"drop","code":"select(-`ADDED_COLUMN_22`)","args":{"column":"ADDED_COLUMN_22"}}},"parameters":{"FREEFORM_CODE":"select(-`ADDED_COLUMN_22`)"},"inputs":[{"id":"inputPort1","links":[{"node_id_ref":"557cfed6-6d65-4fc9-a495-0bd198fc3099","port_id_ref":"outputPort40"}]}],"outputs":[{"id":"outputPort41"}]},{"id":"3419dc9e-dbe9-4c90-85ae-bf1f4e5b7e65","type":"execution_node","op":"com.ibm.wdp.transformer.FreeformCode","app_data":{"uiParams":{"key":"drop","code":"select(-`ADDED_COLUMN_21`)","args":{"column":"ADDED_COLUMN_21"}}},"parameters":{"FREEFORM_CODE":"select(-`ADDED_COLUMN_21`)"},"inputs":[{"id":"inputPort1","links":[{"node_id_ref":"bc2a72d1-ea2e-4950-bdaf-58f8f22168ea","port_id_ref":"outputPort41"}]}],"outputs":[{"id":"outputPort42"}]},{"id":"ca15b3e9-1661-4545-ab5d-cf5e8d703368","type":"execution_node","op":"com.ibm.wdp.transformer.FreeformCode","app_data":{"uiParams":{"key":"drop","code":"select(-`ADDED_COLUMN_20`)","args":{"column":"ADDED_COLUMN_20"}}},"parameters":{"FREEFORM_CODE":"select(-`ADDED_COLUMN_20`)"},"inputs":[{"id":"inputPort1","links":[{"node_id_ref":"3419dc9e-dbe9-4c90-85ae-bf1f4e5b7e65","port_id_ref":"outputPort42"}]}],"outputs":[{"id":"outputPort43"}]},{"id":"c8cde842-a169-488b-97d4-89e43410c643","type":"execution_node","op":"com.ibm.wdp.transformer.FreeformCode","app_data":{"uiParams":{"key":"drop","code":"select(-`ADDED_COLUMN_19`)","args":{"column":"ADDED_COLUMN_19"}}},"parameters":{"FREEFORM_CODE":"select(-`ADDED_COLUMN_19`)"},"inputs":[{"id":"inputPort1","links":[{"node_id_ref":"ca15b3e9-1661-4545-ab5d-cf5e8d703368","port_id_ref":"outputPort43"}]}],"outputs":[{"id":"outputPort44"}]},{"id":"e56e6bdd-6056-4119-a81f-310db06bef8e","type":"execution_node","op":"com.ibm.wdp.transformer.FreeformCode","app_data":{"uiParams":{"key":"drop","code":"select(-`ADDED_COLUMN_18`)","args":{"column":"ADDED_COLUMN_18"}}},"parameters":{"FREEFORM_CODE":"select(-`ADDED_COLUMN_18`)"},"inputs":[{"id":"inputPort1","links":[{"node_id_ref":"c8cde842-a169-488b-97d4-89e43410c643","port_id_ref":"outputPort44"}]}],"outputs":[{"id":"outputPort45"}]},{"id":"fd45fd00-b560-4ccb-9d53-d55b46943708","type":"execution_node","op":"com.ibm.wdp.transformer.FreeformCode","app_data":{"uiParams":{"key":"drop","code":"select(-`ADDED_COLUMN_17`)","args":{"column":"ADDED_COLUMN_17"}}},"parameters":{"FREEFORM_CODE":"select(-`ADDED_COLUMN_17`)"},"inputs":[{"id":"inputPort1","links":[{"node_id_ref":"e56e6bdd-6056-4119-a81f-310db06bef8e","port_id_ref":"outputPort45"}]}],"outputs":[{"id":"outputPort46"}]},{"id":"468080c4-9d7f-4472-8803-803227cc9059","type":"execution_node","op":"com.ibm.wdp.transformer.FreeformCode","app_data":{"uiParams":{"key":"drop","code":"select(-`ADDED_COLUMN_16`)","args":{"column":"ADDED_COLUMN_16"}}},"parameters":{"FREEFORM_CODE":"select(-`ADDED_COLUMN_16`)"},"inputs":[{"id":"inputPort1","links":[{"node_id_ref":"fd45fd00-b560-4ccb-9d53-d55b46943708","port_id_ref":"outputPort46"}]}],"outputs":[{"id":"outputPort47"}]},{"id":"28d51f10-716a-49c7-bc55-16a961522f86","type":"execution_node","op":"com.ibm.wdp.transformer.FreeformCode","app_data":{"uiParams":{"key":"drop","code":"select(-`ADDED_COLUMN_15`)","args":{"column":"ADDED_COLUMN_15"}}},"parameters":{"FREEFORM_CODE":"select(-`ADDED_COLUMN_15`)"},"inputs":[{"id":"inputPort1","links":[{"node_id_ref":"468080c4-9d7f-4472-8803-803227cc9059","port_id_ref":"outputPort47"}]}],"outputs":[{"id":"outputPort48"}]},{"id":"e69eca40-31ff-4143-9ddc-4c9e8a285dec","type":"execution_node","op":"com.ibm.wdp.transformer.FreeformCode","app_data":{"uiParams":{"key":"drop","code":"select(-`ADDED_COLUMN_14`)","args":{"column":"ADDED_COLUMN_14"}}},"parameters":{"FREEFORM_CODE":"select(-`ADDED_COLUMN_14`)"},"inputs":[{"id":"inputPort1","links":[{"node_id_ref":"28d51f10-716a-49c7-bc55-16a961522f86","port_id_ref":"outputPort48"}]}],"outputs":[{"id":"outputPort49"}]},{"id":"c19d45fe-87d9-498a-951f-c7bbbe62e1ea","type":"execution_node","op":"com.ibm.wdp.transformer.FreeformCode","app_data":{"uiParams":{"key":"drop","code":"select(-`ADDED_COLUMN_12`)","args":{"column":"ADDED_COLUMN_12"}}},"parameters":{"FREEFORM_CODE":"select(-`ADDED_COLUMN_12`)"},"inputs":[{"id":"inputPort1","links":[{"node_id_ref":"e69eca40-31ff-4143-9ddc-4c9e8a285dec","port_id_ref":"outputPort49"}]}],"outputs":[{"id":"outputPort50"}]},{"id":"e9e605bd-e261-44ff-9a4f-a2cf5487341e","type":"execution_node","op":"com.ibm.wdp.transformer.FreeformCode","app_data":{"uiParams":{"key":"drop","code":"select(-`ADDED_COLUMN_11`)","args":{"column":"ADDED_COLUMN_11"}}},"parameters":{"FREEFORM_CODE":"select(-`ADDED_COLUMN_11`)"},"inputs":[{"id":"inputPort1","links":[{"node_id_ref":"c19d45fe-87d9-498a-951f-c7bbbe62e1ea","port_id_ref":"outputPort50"}]}],"outputs":[{"id":"outputPort51"}]},{"id":"ecf2da61-e7e8-46fa-811e-0bb493d21f96","type":"execution_node","op":"com.ibm.wdp.transformer.FreeformCode","app_data":{"uiParams":{"key":"drop","code":"select(-`ADDED_COLUMN_10`)","args":{"column":"ADDED_COLUMN_10"}}},"parameters":{"FREEFORM_CODE":"select(-`ADDED_COLUMN_10`)"},"inputs":[{"id":"inputPort1","links":[{"node_id_ref":"e9e605bd-e261-44ff-9a4f-a2cf5487341e","port_id_ref":"outputPort51"}]}],"outputs":[{"id":"outputPort52"}]},{"id":"388045ea-c235-47b2-a9fc-fbc9ddd5b0d4","type":"execution_node","op":"com.ibm.wdp.transformer.FreeformCode","app_data":{"uiParams":{"key":"drop","code":"select(-`ADDED_COLUMN_9`)","args":{"column":"ADDED_COLUMN_9"}}},"parameters":{"FREEFORM_CODE":"select(-`ADDED_COLUMN_9`)"},"inputs":[{"id":"inputPort1","links":[{"node_id_ref":"ecf2da61-e7e8-46fa-811e-0bb493d21f96","port_id_ref":"outputPort52"}]}],"outputs":[{"id":"outputPort53"}]},{"id":"613cef6f-e912-400e-9567-b282bd71fb46","type":"execution_node","op":"com.ibm.wdp.transformer.FreeformCode","app_data":{"uiParams":{"key":"drop","code":"select(-`ADDED_COLUMN_8`)","args":{"column":"ADDED_COLUMN_8"}}},"parameters":{"FREEFORM_CODE":"select(-`ADDED_COLUMN_8`)"},"inputs":[{"id":"inputPort1","links":[{"node_id_ref":"388045ea-c235-47b2-a9fc-fbc9ddd5b0d4","port_id_ref":"outputPort53"}]}],"outputs":[{"id":"outputPort54"}]},{"id":"09ca3b2a-6fe4-4962-9575-2a81aa168c36","type":"execution_node","op":"com.ibm.wdp.transformer.FreeformCode","app_data":{"uiParams":{"key":"drop","code":"select(-`ADDED_COLUMN_7`)","args":{"column":"ADDED_COLUMN_7"}}},"parameters":{"FREEFORM_CODE":"select(-`ADDED_COLUMN_7`)"},"inputs":[{"id":"inputPort1","links":[{"node_id_ref":"613cef6f-e912-400e-9567-b282bd71fb46","port_id_ref":"outputPort54"}]}],"outputs":[{"id":"outputPort55"}]},{"id":"1c1a4c89-1957-4041-9d6d-046e33eca793","type":"execution_node","op":"com.ibm.wdp.transformer.FreeformCode","app_data":{"uiParams":{"key":"drop","code":"select(-`ADDED_COLUMN_6`)","args":{"column":"ADDED_COLUMN_6"}}},"parameters":{"FREEFORM_CODE":"select(-`ADDED_COLUMN_6`)"},"inputs":[{"id":"inputPort1","links":[{"node_id_ref":"09ca3b2a-6fe4-4962-9575-2a81aa168c36","port_id_ref":"outputPort55"}]}],"outputs":[{"id":"outputPort56"}]},{"id":"550f48b1-0c3c-4681-9f0c-1f93e93bbe0b","type":"execution_node","op":"com.ibm.wdp.transformer.FreeformCode","app_data":{"uiParams":{"key":"drop","code":"select(-`ADDED_COLUMN_5`)","args":{"column":"ADDED_COLUMN_5"}}},"parameters":{"FREEFORM_CODE":"select(-`ADDED_COLUMN_5`)"},"inputs":[{"id":"inputPort1","links":[{"node_id_ref":"1c1a4c89-1957-4041-9d6d-046e33eca793","port_id_ref":"outputPort56"}]}],"outputs":[{"id":"outputPort57"}]},{"id":"c877dd9e-cd4f-4d53-8a0d-8cf305f877a4","type":"execution_node","op":"com.ibm.wdp.transformer.FreeformCode","app_data":{"uiParams":{"key":"drop","code":"select(-`ADDED_COLUMN_4`)","args":{"column":"ADDED_COLUMN_4"}}},"parameters":{"FREEFORM_CODE":"select(-`ADDED_COLUMN_4`)"},"inputs":[{"id":"inputPort1","links":[{"node_id_ref":"550f48b1-0c3c-4681-9f0c-1f93e93bbe0b","port_id_ref":"outputPort57"}]}],"outputs":[{"id":"outputPort58"}]},{"id":"f4a234e4-3466-4a59-8436-b29aef54d6d1","type":"execution_node","op":"com.ibm.wdp.transformer.FreeformCode","app_data":{"uiParams":{"key":"drop","code":"select(-`ADDED_COLUMN_3`)","args":{"column":"ADDED_COLUMN_3"}}},"parameters":{"FREEFORM_CODE":"select(-`ADDED_COLUMN_3`)"},"inputs":[{"id":"inputPort1","links":[{"node_id_ref":"c877dd9e-cd4f-4d53-8a0d-8cf305f877a4","port_id_ref":"outputPort58"}]}],"outputs":[{"id":"outputPort59"}]},{"input":{"link":{"node_id_ref":"f4a234e4-3466-4a59-8436-b29aef54d6d1","port_id_ref":"outputPort59"},"id":"targetInput1"},"data_asset":{"project_ref":"51970c0e-ad4f-4b5c-9ffc-b15922309cda","app_data":{"targetType":"dataAsset","project_name":"OpioidUse"},"properties":{"mode":"overwrite","name":"combined-data-Alicia (1)_csv_shaped","first_line_header":true,"file_format":"csv"}},"id":"target1","type":"binding"}],"runtime":"Spark"}],"id":"cfc1d705-1b02-41eb-857d-306e386e1856"},"_entity_only":true}}}
