{"metadata":{"asset_id":"b11798be-952d-43bd-8cca-36e977be849a","asset_attributes":["data_asset"],"name":"combined-data-Alicia (1)_csv_shaped","asset_type":"data_asset","created_at":"2021-03-24T19:13:55Z","description":"","origin_country":"us","owner_id":"IBMid-663001PIKE","project_id":"51970c0e-ad4f-4b5c-9ffc-b15922309cda","size":277148,"tags":[],"usage":{"last_update_time":1616613235793,"last_updated_at":"2021-03-24T19:13:55Z"}},"entity":{"data_asset":{"mime_type":"text/csv","dataset":true,"properties":[{"name":"file_format","value":"csv"},{"name":"first_line_header","value":"TRUE"}]}},"attachments":[{"id":"a1a159c5-4a07-4c19-8dad-72971addb98f","version":2,"asset_type":"data_asset","name":"combined-data-Alicia (1)_csv_shaped","mime":"text/csv","datasource_type":"193a97c1-4475-4a19-b90c-295c4fdc6517","object_key":"data_asset/combined_data_Alicia_1_csv_shaped_b68hy15znh7ob85fm0erqr89s","creator_id":"IBMid-663001PIKE","create_time":1616613235669,"size":277148,"is_remote":false,"is_managed":false,"is_referenced":true,"is_object_key_read_only":false,"is_user_provided_path_key":true,"transfer_complete":true,"is_partitioned":false,"complete_time_ticks":1616613235669,"user_data":{},"test_doc":0,"handle":{"bucket":"opioiduse-donotdelete-pr-i7tt3hs7ohzjo0","location":"us-geo","key":"data_asset/combined_data_Alicia_1_csv_shaped_b68hy15znh7ob85fm0erqr89s","upload_id":"done","max_part_num":1},"usage":{"access_count":0,"last_accessor_id":"IBMid-663001PIKE","last_access_time":1616613235669}}]}
