{"metadata":{"asset_id":"c34e1932-a7d3-42ed-8f76-068855b3d305","asset_attributes":["data_asset"],"name":"test 2 results.csv","asset_type":"data_asset","created_at":"2021-03-24T20:34:51Z","description":"","origin_country":"us","owner_id":"IBMid-663001PIKE","project_id":"51970c0e-ad4f-4b5c-9ffc-b15922309cda","size":108012,"tags":[],"usage":{"last_update_time":1616618094060,"last_updated_at":"2021-03-24T20:34:54Z"}},"entity":{"data_asset":{"mime_type":"text/csv","dataset":false}},"attachments":[{"id":"fee2650a-fd1b-4c3c-bd2a-bad1e109c9bd","version":2,"asset_type":"data_asset","name":"test 2 results.csv","mime":"text/csv","datasource_type":"193a97c1-4475-4a19-b90c-295c4fdc6517","object_key":"test 2 results.csv","creator_id":"IBMid-663001PIKE","create_time":1616618094060,"size":108012,"is_remote":false,"is_managed":false,"is_referenced":true,"is_object_key_read_only":true,"is_user_provided_path_key":true,"transfer_complete":true,"is_partitioned":false,"complete_time_ticks":1616618094060,"user_data":{},"test_doc":0,"handle":{"bucket":"opioiduse-donotdelete-pr-i7tt3hs7ohzjo0","location":"us-geo","key":"test 2 results.csv","upload_id":"done","max_part_num":1},"usage":{"access_count":0,"last_accessor_id":"IBMid-663001PIKE","last_access_time":1616618094060}}]}
