{"metadata":{"asset_id":"e4ff641c-9043-4ba1-934d-f6966794dcc7","asset_attributes":["data_flow"],"name":"combined-data-Alicia (1)_csv_shaped_flow","asset_type":"data_flow","created_at":"2021-03-24T20:58:35Z","description":"","origin_country":"us","owner_id":"IBMid-663001PIKE","project_id":"51970c0e-ad4f-4b5c-9ffc-b15922309cda","size":0,"tags":[],"usage":{"last_update_time":1616619515943,"last_updated_at":"2021-03-24T20:58:35Z"}},"entity":{"data_flow":{"pipeline":{"primary_pipeline":"pipeline1","pipelines":[{"nodes":[{"output":{"id":"source1output"},"data_asset":{"ref":"b11798be-952d-43bd-8cca-36e977be849a","app_data":{"dataset_name":"combined-data-Alicia (1)_csv_shaped"},"properties":{"first_line_header":"true","encoding":"UTF-8","invalid_data_handling":"fail","file_format":"csv"}},"id":"source1","type":"binding"},{"outputs":[{"id":"outputPort1"}],"op":"com.ibm.wdp.transformer.FreeformCode","inputs":[{"links":[{"node_id_ref":"source1","port_id_ref":"source1output"}],"id":"inputPort1"}],"id":"229dd08a-e39d-4cc6-a166-29f219963036","type":"execution_node","app_data":{"uiParams":{"args":{"auto":true,"type":"mutate","conditions":[],"version":4,"autoConditions":[{"removeColumn":false,"newColumnName":"","actualType":"character","column":"HALLUCEVR","format":"","type":"as.integer"},{"removeColumn":false,"newColumnName":"","actualType":"character","column":"IRCGRGDY","format":"","type":"as.integer"},{"removeColumn":false,"newColumnName":"","actualType":"character","column":"IRABUPOSINH","format":"","type":"as.integer"},{"removeColumn":false,"newColumnName":"","actualType":"character","column":"IRABUPOSMTH","format":"","type":"as.integer"},{"removeColumn":false,"newColumnName":"","actualType":"character","column":"IRABUPOSTRQ","format":"","type":"as.integer"},{"removeColumn":false,"newColumnName":"","actualType":"character","column":"IRABUPOSSTM","format":"","type":"as.integer"},{"removeColumn":false,"newColumnName":"","actualType":"character","column":"IRABUPOSSED","format":"","type":"as.integer"},{"removeColumn":false,"newColumnName":"","actualType":"character","column":"UDPYOPI","format":"","type":"as.integer"},{"removeColumn":false,"newColumnName":"","actualType":"character","column":"BOOKED","format":"","type":"as.integer"},{"removeColumn":false,"newColumnName":"","actualType":"character","column":"CIGYRBFR","format":"","type":"as.integer"},{"removeColumn":false,"newColumnName":"","actualType":"character","column":"TXEVRRCVD","format":"","type":"as.integer"},{"removeColumn":false,"newColumnName":"","actualType":"character","column":"BMI2","format":"","type":"as.integer"},{"removeColumn":false,"newColumnName":"","actualType":"character","column":"AUUNMTYR","format":"","type":"as.integer"},{"removeColumn":false,"newColumnName":"","actualType":"character","column":"YEATNDYR","format":"","type":"as.integer"},{"removeColumn":false,"newColumnName":"","actualType":"character","column":"YESTSCIG","format":"","type":"as.integer"},{"removeColumn":false,"newColumnName":"","actualType":"character","column":"YESTSMJ","format":"","type":"as.integer"},{"removeColumn":false,"newColumnName":"","actualType":"character","column":"YESTSALC","format":"","type":"as.integer"},{"removeColumn":false,"newColumnName":"","actualType":"character","column":"YEPHLPHW","format":"","type":"as.integer"},{"removeColumn":false,"newColumnName":"","actualType":"character","column":"YEPPROUD","format":"","type":"as.integer"},{"removeColumn":false,"newColumnName":"","actualType":"character","column":"YEFAIACT","format":"","type":"as.integer"},{"removeColumn":false,"newColumnName":"","actualType":"character","column":"AGE2","format":"","type":"as.integer"},{"removeColumn":false,"newColumnName":"","actualType":"character","column":"EDUSCHLGO","format":"","type":"as.integer"},{"removeColumn":false,"newColumnName":"","actualType":"character","column":"MILTPARNT","format":"","type":"as.integer"},{"removeColumn":false,"newColumnName":"","actualType":"character","column":"WRKDPSTWK","format":"","type":"as.integer"},{"removeColumn":false,"newColumnName":"","actualType":"character","column":"MEDICARE","format":"","type":"as.integer"},{"removeColumn":false,"newColumnName":"","actualType":"character","column":"HLTINMNT","format":"","type":"as.integer"},{"removeColumn":false,"newColumnName":"","actualType":"character","column":"HLTINNOS","format":"","type":"as.integer"},{"removeColumn":false,"newColumnName":"","actualType":"character","column":"IRFAMSOC","format":"","type":"as.integer"},{"removeColumn":false,"newColumnName":"","actualType":"character","column":"INCOME","format":"","type":"as.integer"}]},"code":"mutate(`HALLUCEVR` = as.integer(`HALLUCEVR`),`IRCGRGDY` = as.integer(`IRCGRGDY`),`IRABUPOSINH` = as.integer(`IRABUPOSINH`),`IRABUPOSMTH` = as.integer(`IRABUPOSMTH`),`IRABUPOSTRQ` = as.integer(`IRABUPOSTRQ`),`IRABUPOSSTM` = as.integer(`IRABUPOSSTM`),`IRABUPOSSED` = as.integer(`IRABUPOSSED`),`UDPYOPI` = as.integer(`UDPYOPI`),`BOOKED` = as.integer(`BOOKED`),`CIGYRBFR` = as.integer(`CIGYRBFR`),`TXEVRRCVD` = as.integer(`TXEVRRCVD`),`BMI2` = as.integer(`BMI2`),`AUUNMTYR` = as.integer(`AUUNMTYR`),`YEATNDYR` = as.integer(`YEATNDYR`),`YESTSCIG` = as.integer(`YESTSCIG`),`YESTSMJ` = as.integer(`YESTSMJ`),`YESTSALC` = as.integer(`YESTSALC`),`YEPHLPHW` = as.integer(`YEPHLPHW`),`YEPPROUD` = as.integer(`YEPPROUD`),`YEFAIACT` = as.integer(`YEFAIACT`),`AGE2` = as.integer(`AGE2`),`EDUSCHLGO` = as.integer(`EDUSCHLGO`),`MILTPARNT` = as.integer(`MILTPARNT`),`WRKDPSTWK` = as.integer(`WRKDPSTWK`),`MEDICARE` = as.integer(`MEDICARE`),`HLTINMNT` = as.integer(`HLTINMNT`),`HLTINNOS` = as.integer(`HLTINNOS`),`IRFAMSOC` = as.integer(`IRFAMSOC`),`INCOME` = as.integer(`INCOME`))","automatic":true,"key":"mutate"}},"parameters":{"FREEFORM_CODE":"mutate(`HALLUCEVR` = as.integer(`HALLUCEVR`),`IRCGRGDY` = as.integer(`IRCGRGDY`),`IRABUPOSINH` = as.integer(`IRABUPOSINH`),`IRABUPOSMTH` = as.integer(`IRABUPOSMTH`),`IRABUPOSTRQ` = as.integer(`IRABUPOSTRQ`),`IRABUPOSSTM` = as.integer(`IRABUPOSSTM`),`IRABUPOSSED` = as.integer(`IRABUPOSSED`),`UDPYOPI` = as.integer(`UDPYOPI`),`BOOKED` = as.integer(`BOOKED`),`CIGYRBFR` = as.integer(`CIGYRBFR`),`TXEVRRCVD` = as.integer(`TXEVRRCVD`),`BMI2` = as.integer(`BMI2`),`AUUNMTYR` = as.integer(`AUUNMTYR`),`YEATNDYR` = as.integer(`YEATNDYR`),`YESTSCIG` = as.integer(`YESTSCIG`),`YESTSMJ` = as.integer(`YESTSMJ`),`YESTSALC` = as.integer(`YESTSALC`),`YEPHLPHW` = as.integer(`YEPHLPHW`),`YEPPROUD` = as.integer(`YEPPROUD`),`YEFAIACT` = as.integer(`YEFAIACT`),`AGE2` = as.integer(`AGE2`),`EDUSCHLGO` = as.integer(`EDUSCHLGO`),`MILTPARNT` = as.integer(`MILTPARNT`),`WRKDPSTWK` = as.integer(`WRKDPSTWK`),`MEDICARE` = as.integer(`MEDICARE`),`HLTINMNT` = as.integer(`HLTINMNT`),`HLTINNOS` = as.integer(`HLTINNOS`),`IRFAMSOC` = as.integer(`IRFAMSOC`),`INCOME` = as.integer(`INCOME`))"}},{"outputs":[{"id":"outputPort2"}],"op":"com.ibm.wdp.transformer.FreeformCode","inputs":[{"links":[{"node_id_ref":"229dd08a-e39d-4cc6-a166-29f219963036","port_id_ref":"outputPort1"}],"id":"inputPort1"}],"id":"ebdd2d11-56fb-4d04-8e1f-c4a16fb12f37","type":"execution_node","app_data":{"uiParams":{"args":{"newColumnName":"","column":"AGE2","defaultReplaceValue":"0","columnActualType":"Integer","conditions":[{"col":"","actualType":"Integer","column":"AGE2","replaceValue":"1","value":"2","valueOption":"value","operator":"=="},{"col":"","actualType":"Integer","column":"AGE2","replaceValue":"0","value":"1","valueOption":"value","operator":"=="}],"defaultReplaceValueOption":"value","version":1},"code":"eval({if(!\"AGE2\" %in% names(.)) stop(\"Column 'AGE2' not found.\", call. = FALSE) else .})%>%mutate(`AGE2` = case_when((`AGE2`==2) ~ 1L , (`AGE2`==1) ~ 0L, TRUE ~ 0L))","key":"conditionalReplace"}},"parameters":{"FREEFORM_CODE":"mutate(`AGE2` = case_when((`AGE2`==2) ~ 1L , (`AGE2`==1) ~ 0L, TRUE ~ 0L))"}},{"outputs":[{"id":"outputPort3"}],"op":"com.ibm.wdp.transformer.FreeformCode","inputs":[{"links":[{"node_id_ref":"ebdd2d11-56fb-4d04-8e1f-c4a16fb12f37","port_id_ref":"outputPort2"}],"id":"inputPort1"}],"id":"c8963068-403c-427c-8bd4-904591b85582","type":"execution_node","app_data":{"uiParams":{"args":{"newColumnName":"","column":"AGE2","defaultReplaceValue":"0","columnActualType":"Integer","conditions":[{"col":"","actualType":"Integer","column":"BMI2","replaceValue":"1","value":"2","valueOption":"value","operator":"=="},{"col":"","actualType":"Integer","column":"BMI2","replaceValue":"1","value":"1","valueOption":"value","operator":"=="}],"defaultReplaceValueOption":"value","version":1},"code":"eval({if(!\"AGE2\" %in% names(.)) stop(\"Column 'AGE2' not found.\", call. = FALSE) else .})%>%mutate(`AGE2` = case_when((`BMI2`==2) ~ 1L , (`BMI2`==1) ~ 1L, TRUE ~ 0L))","key":"conditionalReplace"}},"parameters":{"FREEFORM_CODE":"mutate(`AGE2` = case_when((`BMI2`==2) ~ 1L , (`BMI2`==1) ~ 1L, TRUE ~ 0L))"}},{"input":{"link":{"node_id_ref":"c8963068-403c-427c-8bd4-904591b85582","port_id_ref":"outputPort3"},"id":"targetInput1"},"data_asset":{"project_ref":"51970c0e-ad4f-4b5c-9ffc-b15922309cda","app_data":{"description":"","targetType":"dataAsset","project_name":"OpioidUse"},"properties":{"mode":"overwrite","name":"dataset 5","first_line_header":true,"encoding":"UTF-8","file_format":"csv"}},"id":"target1","type":"binding"}],"runtime":"Spark","id":"pipeline1"}],"doc_type":"pipeline","id":"046b7c87-7a94-4f9e-98a3-5ed519c28eaa","app_data":{"replace_space_by_dot":true,"shaperCreated":true},"version":"1.0"},"_entity_only":true}}}
