{"metadata":{"asset_id":"64ae4db8-67d8-496a-a577-49eb535d2276","asset_attributes":["data_asset"],"name":"dataset 5","asset_type":"data_asset","created_at":"2021-03-24T21:03:19Z","description":"","origin_country":"us","owner_id":"IBMid-663001PIKE","project_id":"51970c0e-ad4f-4b5c-9ffc-b15922309cda","size":277148,"tags":[],"usage":{"last_update_time":1616619899871,"last_updated_at":"2021-03-24T21:04:59Z"}},"entity":{"data_asset":{"mime_type":"text/csv","dataset":true,"properties":[{"name":"encoding","value":"UTF-8"},{"name":"file_format","value":"csv"},{"name":"first_line_header","value":"TRUE"}]}},"attachments":[{"id":"e2e6c2b7-a950-4be8-ac7d-2f710b59a72d","version":2,"asset_type":"data_asset","name":"dataset 5","mime":"text/csv","datasource_type":"193a97c1-4475-4a19-b90c-295c4fdc6517","object_key":"data_asset/dataset_5_2gq7hjbyynmokrzsgsgmcspie","creator_id":"IBMid-663001PIKE","create_time":1616619801314,"size":277148,"is_remote":false,"is_managed":false,"is_referenced":true,"is_object_key_read_only":false,"is_user_provided_path_key":true,"transfer_complete":true,"is_partitioned":false,"complete_time_ticks":1616619801314,"user_data":{},"test_doc":0,"handle":{"bucket":"opioiduse-donotdelete-pr-i7tt3hs7ohzjo0","location":"us-geo","key":"data_asset/dataset_5_2gq7hjbyynmokrzsgsgmcspie","upload_id":"done","max_part_num":1},"usage":{"access_count":0,"last_accessor_id":"IBMid-663001PIKE","last_access_time":1616619801314}}]}
