{"metadata":{"asset_id":"9860fcf6-f8fc-48f4-80c9-d1adcdef792c","asset_attributes":["data_asset"],"name":"allPeople (1).csv","asset_type":"data_asset","created_at":"2021-03-23T15:54:04Z","description":"","origin_country":"us","owner_id":"IBMid-663001PIKE","project_id":"51970c0e-ad4f-4b5c-9ffc-b15922309cda","size":177436,"tags":[],"usage":{"last_update_time":1616514847356,"last_updated_at":"2021-03-23T15:54:07Z"}},"entity":{"data_asset":{"mime_type":"text/csv","dataset":false}},"attachments":[{"id":"e543ee70-5ef3-4455-8da5-0eb8b4d5d8f8","version":2,"asset_type":"data_asset","name":"allPeople (1).csv","mime":"text/csv","datasource_type":"193a97c1-4475-4a19-b90c-295c4fdc6517","object_key":"allPeople (1).csv","creator_id":"IBMid-663001PIKE","create_time":1616514847355,"size":177436,"is_remote":false,"is_managed":false,"is_referenced":true,"is_object_key_read_only":true,"is_user_provided_path_key":true,"transfer_complete":true,"is_partitioned":false,"complete_time_ticks":1616514847355,"user_data":{},"test_doc":0,"handle":{"bucket":"opioiduse-donotdelete-pr-i7tt3hs7ohzjo0","location":"us-geo","key":"allPeople (1).csv","upload_id":"done","max_part_num":1},"usage":{"access_count":0,"last_accessor_id":"IBMid-663001PIKE","last_access_time":1616514847355}}]}
