{"metadata":{"asset_id":"bdca5731-d6af-4e8e-8c76-fba1b7cd50a6","asset_attributes":["data_asset"],"name":"test 3 final results.csv","asset_type":"data_asset","created_at":"2021-03-24T22:07:23Z","description":"","origin_country":"us","owner_id":"IBMid-663001PIKE","project_id":"51970c0e-ad4f-4b5c-9ffc-b15922309cda","size":108133,"tags":[],"usage":{"last_update_time":1616623644110,"last_updated_at":"2021-03-24T22:07:24Z"}},"entity":{"data_asset":{"mime_type":"text/csv","dataset":false}},"attachments":[{"id":"7abe941c-db3c-4d6b-a7df-51d90aad1122","version":2,"asset_type":"data_asset","name":"test 3 final results.csv","mime":"text/csv","datasource_type":"193a97c1-4475-4a19-b90c-295c4fdc6517","object_key":"test 3 final results.csv","creator_id":"IBMid-663001PIKE","create_time":1616623644109,"size":108133,"is_remote":false,"is_managed":false,"is_referenced":true,"is_object_key_read_only":true,"is_user_provided_path_key":true,"transfer_complete":true,"is_partitioned":false,"complete_time_ticks":1616623644109,"user_data":{},"test_doc":0,"handle":{"bucket":"opioiduse-donotdelete-pr-i7tt3hs7ohzjo0","location":"us-geo","key":"test 3 final results.csv","upload_id":"done","max_part_num":1},"usage":{"access_count":0,"last_accessor_id":"IBMid-663001PIKE","last_access_time":1616623644109}}]}
