{"metadata":{"asset_id":"4f45eb05-bf15-4fcb-9054-0ae914b1fb3c","asset_attributes":["wml_model"],"name":"test2 - P3 RandomForestClassifierEstimator","asset_type":"wml_model","created_at":"2021-03-23T16:16:16Z","description":"","origin_country":"us","owner_id":"IBMid-663001PIKE","project_id":"51970c0e-ad4f-4b5c-9ffc-b15922309cda","sandbox_id":"51970c0e-ad4f-4b5c-9ffc-b15922309cda","size":22708,"tags":[],"usage":{"last_update_time":1616516191326,"last_updated_at":"2021-03-23T16:16:31Z"}},"entity":{"wml_model":{"hybrid_pipeline_software_specs":[{"base_id":"632d4b22-10aa-5180-88f0-f52dfb6444d7","name":"autoai-kb_3.1-py3.7"}],"pipeline":{"id":"c97b3d87-5499-4980-b9ac-5f42cf7101e9"},"ml_version":"4.0.8","type":"wml-hybrid_0.1","schemas":{"input":[{"fields":[{"name":"Unnamed: 0","type":"integer"},{"name":"BOOKED","type":"integer"},{"name":"TXEVRRCVD","type":"integer"},{"name":"BMI2","type":"double"},{"name":"IRABUPOSSED","type":"integer"},{"name":"IRABUPOSTRQ","type":"integer"},{"name":"IRABUPOSMTH","type":"integer"},{"name":"IRABUPOSINH","type":"integer"},{"name":"CIGYRBFR","type":"integer"},{"name":"HALLUCEVR","type":"integer"},{"name":"IRCGRGDY","type":"integer"},{"name":"IRABUPOSSTM","type":"integer"},{"name":"YEPHLPHW","type":"integer"},{"name":"YEPPROUD","type":"integer"},{"name":"YEFAIACT","type":"integer"},{"name":"MILTPARNT","type":"integer"},{"name":"IRFAMSOC","type":"integer"},{"name":"INCOME","type":"integer"},{"name":"HLTINMNT","type":"integer"},{"name":"AUUNMTYR","type":"integer"},{"name":"HLTINNOS","type":"integer"},{"name":"MEDICARE","type":"integer"},{"name":"EDUSCHLGO","type":"integer"},{"name":"WRKDPSTWK","type":"integer"},{"name":"YEATNDYR","type":"integer"},{"name":"YESTSMJ","type":"integer"},{"name":"YESTSCIG","type":"integer"},{"name":"YESTSALC","type":"integer"}],"id":"auto_ai_kb_input_schema"}],"output":[]},"content_location":{"connection":{"access_key_id":"204b815daf8546479504c8d108459a53","endpoint_url":"https://s3-api.us-geo.objectstorage.softlayer.net","secret_access_key":"8f72e7c033883c7927f017b5be1014de408e8f240f903d17","accessKeyId":"204b815daf8546479504c8d108459a53"},"contents":[{"content_format":"native","file_name":"pipeline_model.json","location":"auto_ml/e701d64d-85c1-46b4-92a9-72c89952155c/wml_data/e7cca906-32dd-49e8-a492-efce0e41e2f8/assets/e7cca906-32dd-49e8-a492-efce0e41e2f8_P3_cognito_output/resources/wml_model/pipeline_model.json"},{"content_format":"pipeline-node","file_name":"P3_automl.zip","location":"auto_ml/e701d64d-85c1-46b4-92a9-72c89952155c/wml_data/e7cca906-32dd-49e8-a492-efce0e41e2f8/assets/e7cca906-32dd-49e8-a492-efce0e41e2f8_P3_cognito_output/resources/wml_model/P3_automl.zip","pipeline_node_id":"automl"},{"content_format":"native","file_name":"pipeline_model.json","location":"auto_ml/e701d64d-85c1-46b4-92a9-72c89952155c/wml_data/e7cca906-32dd-49e8-a492-efce0e41e2f8/assets/e7cca906-32dd-49e8-a492-efce0e41e2f8_P3_cognito_output/resources/wml_model/pipeline_model.json"}],"location":{"path":"auto_ml/e701d64d-85c1-46b4-92a9-72c89952155c/wml_data","notebooks_path":"auto_ml/e701d64d-85c1-46b4-92a9-72c89952155c/wml_data/e7cca906-32dd-49e8-a492-efce0e41e2f8/notebooks","training":"auto_ml/e701d64d-85c1-46b4-92a9-72c89952155c/wml_data/e7cca906-32dd-49e8-a492-efce0e41e2f8","training_status":"auto_ml/e701d64d-85c1-46b4-92a9-72c89952155c/wml_data/e7cca906-32dd-49e8-a492-efce0e41e2f8/training-status.json","bucket":"opioiduse-donotdelete-pr-i7tt3hs7ohzjo0","type":"s3","assets_path":"auto_ml/e701d64d-85c1-46b4-92a9-72c89952155c/wml_data/e7cca906-32dd-49e8-a492-efce0e41e2f8/assets"},"type":"s3"},"training_data_references":[{"connection":{"endpoint_url":"https://s3-api.us-geo.objectstorage.softlayer.net","auth_endpoint":"https://iam.bluemix.net/oidc/token/","api_key":"TxaGyE8cf7abkJC1P6hLlFWERLS6-irV8KLg3msrs8ot","secret_access_key":"8f72e7c033883c7927f017b5be1014de408e8f240f903d17","access_key_id":"204b815daf8546479504c8d108459a53","service_instance_id":"iam-ServiceId-f0fddc3f-dbac-481b-8c92-d4dc1dfa5121"},"location":{"bucket":"opioiduse-donotdelete-pr-i7tt3hs7ohzjo0","path":"allPeople (1).csv","type":"s3"},"type":"s3"}],"software_spec":{"base_id":"8c1a58c6-62b5-4dc4-987a-df751c2756b6","name":"hybrid_0.1"},"content_import_state":"completed"}},"attachments":[{"id":"07273407-5cdb-4a98-a1fb-71b4b95087d5","version":2,"asset_type":"wml_model","name":"P3_automl.zip","datasource_type":"193a97c1-4475-4a19-b90c-295c4fdc6517","creator_id":"IBMid-663001PIKE","create_time":1616516183328,"size":21169,"is_remote":false,"is_managed":true,"is_referenced":false,"is_object_key_read_only":false,"is_user_provided_path_key":false,"transfer_complete":true,"is_partitioned":false,"complete_time_ticks":1616516185843,"user_data":{"content_format":"pipeline-node","pipeline_node_id":"automl"},"test_doc":0,"handle":{"bucket":"opioiduse-donotdelete-pr-i7tt3hs7ohzjo0","location":"us-geo","type":"bluemix_cos","key":"99bfc2bc-55d9-4ec8-a7f6-6ca9dff98bb1/4f45eb05-bf15-4fcb-9054-0ae914b1fb3c/07273407-5cdb-4a98-a1fb-71b4b95087d5","upload_id":"done","max_part_num":1},"usage":{"access_count":0,"last_accessor_id":"IBMid-663001PIKE","last_access_time":1616516183328}},{"id":"98c4b79b-9d0b-42ee-adf0-9811237dac56","version":2,"asset_type":"wml_model","name":"pipeline_model.json","datasource_type":"193a97c1-4475-4a19-b90c-295c4fdc6517","creator_id":"IBMid-663001PIKE","create_time":1616516188782,"size":1539,"is_remote":false,"is_managed":true,"is_referenced":false,"is_object_key_read_only":false,"is_user_provided_path_key":false,"transfer_complete":true,"is_partitioned":false,"complete_time_ticks":1616516191032,"user_data":{"content_format":"native"},"test_doc":0,"handle":{"bucket":"opioiduse-donotdelete-pr-i7tt3hs7ohzjo0","location":"us-geo","type":"bluemix_cos","key":"99bfc2bc-55d9-4ec8-a7f6-6ca9dff98bb1/4f45eb05-bf15-4fcb-9054-0ae914b1fb3c/98c4b79b-9d0b-42ee-adf0-9811237dac56","upload_id":"done","max_part_num":1},"usage":{"access_count":0,"last_accessor_id":"IBMid-663001PIKE","last_access_time":1616516188782}}]}
