{"metadata":{"asset_id":"91b5e9d0-dfd9-40b9-9ac8-5b36ed67b8b4","asset_attributes":["wml_pipeline"],"name":"test 3","asset_type":"wml_pipeline","created_at":"2021-03-24T21:48:34Z","description":"","origin_country":"us","owner_id":"IBMid-663001PIKE","project_id":"51970c0e-ad4f-4b5c-9ffc-b15922309cda","sandbox_id":"51970c0e-ad4f-4b5c-9ffc-b15922309cda","size":0,"tags":["dsx-project.51970c0e-ad4f-4b5c-9ffc-b15922309cda"],"usage":{"last_update_time":1616622514909,"last_updated_at":"2021-03-24T21:48:34Z"}},"entity":{"wml_pipeline":{"document":{"doc_type":"pipeline","pipelines":[{"id":"autoai","nodes":[{"id":"automl","op":"kube","parameters":{"output_logs":true,"input_file_separator":",","stage_flag":true,"optimization":{"compute_pipeline_notebooks_flag":true,"daub_adaptive_subsampling_max_mem_usage":15000000000,"holdout_param":0.1,"label":"UDPYOPI","learning_type":"classification","max_num_daub_ensembles":2,"positive_label":1,"run_cognito_flag":true,"scorer_for_ranking":"accuracy"},"one_vs_all_file":true},"runtime_ref":"autoai","type":"execution_node"}],"runtime_ref":"hybrid"}],"primary_pipeline":"autoai","runtimes":[{"app_data":{"wml_data":{"hardware_spec":{"base_id":"a6c4923b-b8e4-444c-9f43-8a7ec3020110","name":"L"}}},"id":"autoai","name":"auto_ai.kb"}],"version":"2.0"},"ml_version":"4.0.0"}}}
