{"metadata":{"asset_id":"98e27347-1be2-4b69-8430-744351d64ec6","asset_attributes":["wml_model"],"name":"test 2 - P2 LogisticRegressionEstimator","asset_type":"wml_model","created_at":"2021-03-24T20:02:42Z","description":"","origin_country":"us","owner_id":"IBMid-663001PIKE","project_id":"51970c0e-ad4f-4b5c-9ffc-b15922309cda","sandbox_id":"51970c0e-ad4f-4b5c-9ffc-b15922309cda","size":4140,"tags":[],"usage":{"last_update_time":1616616173341,"last_updated_at":"2021-03-24T20:02:53Z"}},"entity":{"wml_model":{"hybrid_pipeline_software_specs":[{"base_id":"632d4b22-10aa-5180-88f0-f52dfb6444d7","name":"autoai-kb_3.1-py3.7"}],"pipeline":{"id":"14614d20-c4d2-4c93-8fb7-d7671dce3aba"},"ml_version":"4.0.8","type":"wml-hybrid_0.1","schemas":{"input":[{"fields":[{"name":"HALLUCEVR","type":"integer"},{"name":"IRCGRGDY","type":"integer"},{"name":"IRABUPOSINH","type":"integer"},{"name":"IRABUPOSMTH","type":"integer"},{"name":"IRABUPOSTRQ","type":"integer"},{"name":"IRABUPOSSTM","type":"integer"},{"name":"IRABUPOSSED","type":"integer"},{"name":"BOOKED","type":"integer"},{"name":"CIGYRBFR","type":"integer"},{"name":"TXEVRRCVD","type":"integer"},{"name":"BMI2","type":"integer"},{"name":"AUUNMTYR","type":"integer"},{"name":"YEATNDYR","type":"integer"},{"name":"YESTSCIG","type":"integer"},{"name":"YESTSMJ","type":"integer"},{"name":"YESTSALC","type":"integer"},{"name":"YEPHLPHW","type":"integer"},{"name":"YEPPROUD","type":"integer"},{"name":"YEFAIACT","type":"integer"},{"name":"AGE2","type":"integer"},{"name":"EDUSCHLGO","type":"integer"},{"name":"MILTPARNT","type":"integer"},{"name":"WRKDPSTWK","type":"integer"},{"name":"MEDICARE","type":"integer"},{"name":"HLTINMNT","type":"integer"},{"name":"HLTINNOS","type":"integer"},{"name":"IRFAMSOC","type":"integer"},{"name":"INCOME","type":"integer"}],"id":"auto_ai_kb_input_schema"}],"output":[]},"content_location":{"connection":{"access_key_id":"204b815daf8546479504c8d108459a53","endpoint_url":"https://s3-api.us-geo.objectstorage.softlayer.net","secret_access_key":"8f72e7c033883c7927f017b5be1014de408e8f240f903d17","accessKeyId":"204b815daf8546479504c8d108459a53"},"contents":[{"content_format":"native","file_name":"pipeline_model.json","location":"auto_ml/35aefb89-1ece-4400-a58d-c22b76b45a39/wml_data/3c488124-4053-4e03-9bd1-31d4baadb510/assets/3c488124-4053-4e03-9bd1-31d4baadb510_P2_hpo_d_output/resources/wml_model/pipeline_model.json"},{"content_format":"pipeline-node","file_name":"P2_automl.zip","location":"auto_ml/35aefb89-1ece-4400-a58d-c22b76b45a39/wml_data/3c488124-4053-4e03-9bd1-31d4baadb510/assets/3c488124-4053-4e03-9bd1-31d4baadb510_P2_hpo_d_output/resources/wml_model/P2_automl.zip","pipeline_node_id":"automl"},{"content_format":"native","file_name":"pipeline_model.json","location":"auto_ml/35aefb89-1ece-4400-a58d-c22b76b45a39/wml_data/3c488124-4053-4e03-9bd1-31d4baadb510/assets/3c488124-4053-4e03-9bd1-31d4baadb510_P2_hpo_d_output/resources/wml_model/pipeline_model.json"}],"location":{"path":"auto_ml/35aefb89-1ece-4400-a58d-c22b76b45a39/wml_data","notebooks_path":"auto_ml/35aefb89-1ece-4400-a58d-c22b76b45a39/wml_data/3c488124-4053-4e03-9bd1-31d4baadb510/notebooks","training":"auto_ml/35aefb89-1ece-4400-a58d-c22b76b45a39/wml_data/3c488124-4053-4e03-9bd1-31d4baadb510","training_status":"auto_ml/35aefb89-1ece-4400-a58d-c22b76b45a39/wml_data/3c488124-4053-4e03-9bd1-31d4baadb510/training-status.json","bucket":"opioiduse-donotdelete-pr-i7tt3hs7ohzjo0","type":"s3","assets_path":"auto_ml/35aefb89-1ece-4400-a58d-c22b76b45a39/wml_data/3c488124-4053-4e03-9bd1-31d4baadb510/assets"},"type":"s3"},"training_data_references":[{"connection":{"endpoint_url":"https://s3-api.us-geo.objectstorage.softlayer.net","auth_endpoint":"https://iam.bluemix.net/oidc/token/","api_key":"TxaGyE8cf7abkJC1P6hLlFWERLS6-irV8KLg3msrs8ot","secret_access_key":"8f72e7c033883c7927f017b5be1014de408e8f240f903d17","access_key_id":"204b815daf8546479504c8d108459a53","service_instance_id":"iam-ServiceId-f0fddc3f-dbac-481b-8c92-d4dc1dfa5121"},"location":{"bucket":"opioiduse-donotdelete-pr-i7tt3hs7ohzjo0","path":"data_asset/combined_data_Alicia_1_csv_shaped_b68hy15znh7ob85fm0erqr89s","type":"s3"},"type":"s3"}],"software_spec":{"base_id":"8c1a58c6-62b5-4dc4-987a-df751c2756b6","name":"hybrid_0.1"},"content_import_state":"completed"}},"attachments":[{"id":"7b7e7569-5681-4a97-b161-0174a31a3d81","version":2,"asset_type":"wml_model","name":"P2_automl.zip","datasource_type":"193a97c1-4475-4a19-b90c-295c4fdc6517","creator_id":"IBMid-663001PIKE","create_time":1616616166759,"size":2603,"is_remote":false,"is_managed":true,"is_referenced":false,"is_object_key_read_only":false,"is_user_provided_path_key":false,"transfer_complete":true,"is_partitioned":false,"complete_time_ticks":1616616168669,"user_data":{"content_format":"pipeline-node","pipeline_node_id":"automl"},"test_doc":0,"handle":{"bucket":"opioiduse-donotdelete-pr-i7tt3hs7ohzjo0","location":"us-geo","type":"bluemix_cos","key":"99bfc2bc-55d9-4ec8-a7f6-6ca9dff98bb1/98e27347-1be2-4b69-8430-744351d64ec6/7b7e7569-5681-4a97-b161-0174a31a3d81","upload_id":"done","max_part_num":1},"usage":{"access_count":0,"last_accessor_id":"IBMid-663001PIKE","last_access_time":1616616166759}},{"id":"157c66d0-1111-4f42-b744-7d6fdacaff29","version":2,"asset_type":"wml_model","name":"pipeline_model.json","datasource_type":"193a97c1-4475-4a19-b90c-295c4fdc6517","creator_id":"IBMid-663001PIKE","create_time":1616616170861,"size":1537,"is_remote":false,"is_managed":true,"is_referenced":false,"is_object_key_read_only":false,"is_user_provided_path_key":false,"transfer_complete":true,"is_partitioned":false,"complete_time_ticks":1616616173177,"user_data":{"content_format":"native"},"test_doc":0,"handle":{"bucket":"opioiduse-donotdelete-pr-i7tt3hs7ohzjo0","location":"us-geo","type":"bluemix_cos","key":"99bfc2bc-55d9-4ec8-a7f6-6ca9dff98bb1/98e27347-1be2-4b69-8430-744351d64ec6/157c66d0-1111-4f42-b744-7d6fdacaff29","upload_id":"done","max_part_num":1},"usage":{"access_count":0,"last_accessor_id":"IBMid-663001PIKE","last_access_time":1616616170861}}]}
